-- MySQL dump 10.13  Distrib 8.0.27, for Linux (aarch64)
--
-- Host: localhost    Database: pandora
-- ------------------------------------------------------
-- Server version	8.0.27-0ubuntu0.21.04.1

/*!40101 SET @OLD_CHARACTER_SET_CLIENT=@@CHARACTER_SET_CLIENT */;
/*!40101 SET @OLD_CHARACTER_SET_RESULTS=@@CHARACTER_SET_RESULTS */;
/*!40101 SET @OLD_COLLATION_CONNECTION=@@COLLATION_CONNECTION */;
/*!50503 SET NAMES utf8mb4 */;
/*!40103 SET @OLD_TIME_ZONE=@@TIME_ZONE */;
/*!40103 SET TIME_ZONE='+00:00' */;
/*!40014 SET @OLD_UNIQUE_CHECKS=@@UNIQUE_CHECKS, UNIQUE_CHECKS=0 */;
/*!40014 SET @OLD_FOREIGN_KEY_CHECKS=@@FOREIGN_KEY_CHECKS, FOREIGN_KEY_CHECKS=0 */;
/*!40101 SET @OLD_SQL_MODE=@@SQL_MODE, SQL_MODE='NO_AUTO_VALUE_ON_ZERO' */;
/*!40111 SET @OLD_SQL_NOTES=@@SQL_NOTES, SQL_NOTES=0 */;

--
-- Table structure for table `area_cursos`
--

DROP TABLE IF EXISTS `area_cursos`;
/*!40101 SET @saved_cs_client     = @@character_set_client */;
/*!50503 SET character_set_client = utf8mb4 */;
CREATE TABLE `area_cursos` (
  `id` bigint unsigned NOT NULL AUTO_INCREMENT,
  `curso_id` bigint unsigned DEFAULT NULL,
  `area_id` bigint unsigned DEFAULT NULL,
  `area_curso` varchar(191) CHARACTER SET utf8mb4 COLLATE utf8mb4_unicode_ci DEFAULT NULL,
  `created_at` timestamp NULL DEFAULT NULL,
  `updated_at` timestamp NULL DEFAULT NULL,
  PRIMARY KEY (`id`),
  KEY `area_cursos_curso_id_foreign` (`curso_id`),
  KEY `area_cursos_area_id_foreign` (`area_id`),
  CONSTRAINT `area_cursos_area_id_foreign` FOREIGN KEY (`area_id`) REFERENCES `areas` (`id`) ON DELETE SET NULL ON UPDATE CASCADE,
  CONSTRAINT `area_cursos_curso_id_foreign` FOREIGN KEY (`curso_id`) REFERENCES `cursos` (`id`) ON DELETE SET NULL ON UPDATE CASCADE
) ENGINE=InnoDB AUTO_INCREMENT=5 DEFAULT CHARSET=utf8mb4 COLLATE=utf8mb4_unicode_ci;
/*!40101 SET character_set_client = @saved_cs_client */;

--
-- Dumping data for table `area_cursos`
--

LOCK TABLES `area_cursos` WRITE;
/*!40000 ALTER TABLE `area_cursos` DISABLE KEYS */;
INSERT INTO `area_cursos` VALUES (1,1,1,'1-1','2022-01-25 09:00:12','2022-01-25 09:00:12'),(2,2,1,'1-2','2022-01-27 04:44:38','2022-01-27 04:44:38'),(4,3,1,'1-3','2022-01-28 07:37:05','2022-01-28 07:37:05');
/*!40000 ALTER TABLE `area_cursos` ENABLE KEYS */;
UNLOCK TABLES;

--
-- Table structure for table `areas`
--

DROP TABLE IF EXISTS `areas`;
/*!40101 SET @saved_cs_client     = @@character_set_client */;
/*!50503 SET character_set_client = utf8mb4 */;
CREATE TABLE `areas` (
  `id` bigint unsigned NOT NULL AUTO_INCREMENT,
  `nombre` varchar(191) CHARACTER SET utf8mb4 COLLATE utf8mb4_unicode_ci NOT NULL,
  `existe` tinyint(1) NOT NULL,
  `created_at` timestamp NULL DEFAULT NULL,
  `updated_at` timestamp NULL DEFAULT NULL,
  PRIMARY KEY (`id`)
) ENGINE=InnoDB AUTO_INCREMENT=3 DEFAULT CHARSET=utf8mb4 COLLATE=utf8mb4_unicode_ci;
/*!40101 SET character_set_client = @saved_cs_client */;

--
-- Dumping data for table `areas`
--

LOCK TABLES `areas` WRITE;
/*!40000 ALTER TABLE `areas` DISABLE KEYS */;
INSERT INTO `areas` VALUES (1,'Lengua Castellana',1,'2022-01-25 08:20:57','2022-01-25 08:20:57'),(2,'Ética',1,'2022-01-25 19:39:46','2022-01-25 19:39:46');
/*!40000 ALTER TABLE `areas` ENABLE KEYS */;
UNLOCK TABLES;

--
-- Table structure for table `cuestionarios`
--

DROP TABLE IF EXISTS `cuestionarios`;
/*!40101 SET @saved_cs_client     = @@character_set_client */;
/*!50503 SET character_set_client = utf8mb4 */;
CREATE TABLE `cuestionarios` (
  `id` bigint unsigned NOT NULL AUTO_INCREMENT,
  `tema` varchar(100) CHARACTER SET utf8mb4 COLLATE utf8mb4_unicode_ci NOT NULL,
  `fecha` date NOT NULL,
  `usuario_id` int unsigned DEFAULT NULL,
  `existe` tinyint(1) NOT NULL DEFAULT '1',
  `curso_id` bigint unsigned DEFAULT NULL,
  `area_id` tinyint(1) NOT NULL,
  `created_at` timestamp NULL DEFAULT NULL,
  `updated_at` timestamp NULL DEFAULT NULL,
  PRIMARY KEY (`id`),
  KEY `cuestionarios_curso_id_foreign` (`curso_id`),
  CONSTRAINT `cuestionarios_curso_id_foreign` FOREIGN KEY (`curso_id`) REFERENCES `cursos` (`id`) ON DELETE SET NULL ON UPDATE CASCADE
) ENGINE=InnoDB AUTO_INCREMENT=9 DEFAULT CHARSET=utf8mb4 COLLATE=utf8mb4_unicode_ci;
/*!40101 SET character_set_client = @saved_cs_client */;

--
-- Dumping data for table `cuestionarios`
--

LOCK TABLES `cuestionarios` WRITE;
/*!40000 ALTER TABLE `cuestionarios` DISABLE KEYS */;
INSERT INTO `cuestionarios` VALUES (1,'Prueba Diagnóstica','2022-01-23',1,0,1,1,'2022-01-23 23:13:35','2022-01-28 02:35:36'),(2,'cosas','2022-01-19',1,0,1,1,'2022-01-24 03:33:16','2022-01-24 03:51:14'),(3,'Cuestionario Inicial','2022-01-28',1,1,1,1,'2022-01-25 18:53:32','2022-01-28 02:36:13'),(5,'Cuestionario Inicial','2022-01-27',1,1,2,1,'2022-01-27 05:38:47','2022-01-27 05:38:47'),(6,'cuestionario prueba','2022-01-27',1,0,2,1,'2022-01-27 06:34:16','2022-01-27 06:34:28'),(8,'Cuestionario inicial','2022-01-28',1,1,3,1,'2022-01-28 08:36:55','2022-01-28 08:36:55');
/*!40000 ALTER TABLE `cuestionarios` ENABLE KEYS */;
UNLOCK TABLES;

--
-- Table structure for table `cursos`
--

DROP TABLE IF EXISTS `cursos`;
/*!40101 SET @saved_cs_client     = @@character_set_client */;
/*!50503 SET character_set_client = utf8mb4 */;
CREATE TABLE `cursos` (
  `id` bigint unsigned NOT NULL AUTO_INCREMENT,
  `nombre` varchar(191) CHARACTER SET utf8mb4 COLLATE utf8mb4_unicode_ci NOT NULL,
  `existe` tinyint(1) NOT NULL DEFAULT '1',
  `created_at` timestamp NULL DEFAULT NULL,
  `updated_at` timestamp NULL DEFAULT NULL,
  PRIMARY KEY (`id`),
  UNIQUE KEY `cursos_nombre_unique` (`nombre`)
) ENGINE=InnoDB AUTO_INCREMENT=4 DEFAULT CHARSET=utf8mb4 COLLATE=utf8mb4_unicode_ci;
/*!40101 SET character_set_client = @saved_cs_client */;

--
-- Dumping data for table `cursos`
--

LOCK TABLES `cursos` WRITE;
/*!40000 ALTER TABLE `cursos` DISABLE KEYS */;
INSERT INTO `cursos` VALUES (1,'902',1,'2022-01-23 23:13:35',NULL),(2,'901',1,'2022-01-27 04:40:43','2022-01-27 04:40:43'),(3,'903',1,'2022-01-28 07:26:50','2022-01-28 07:26:50');
/*!40000 ALTER TABLE `cursos` ENABLE KEYS */;
UNLOCK TABLES;

--
-- Table structure for table `failed_jobs`
--

DROP TABLE IF EXISTS `failed_jobs`;
/*!40101 SET @saved_cs_client     = @@character_set_client */;
/*!50503 SET character_set_client = utf8mb4 */;
CREATE TABLE `failed_jobs` (
  `id` bigint unsigned NOT NULL AUTO_INCREMENT,
  `uuid` varchar(191) CHARACTER SET utf8mb4 COLLATE utf8mb4_unicode_ci NOT NULL,
  `connection` text CHARACTER SET utf8mb4 COLLATE utf8mb4_unicode_ci NOT NULL,
  `queue` text CHARACTER SET utf8mb4 COLLATE utf8mb4_unicode_ci NOT NULL,
  `payload` longtext CHARACTER SET utf8mb4 COLLATE utf8mb4_unicode_ci NOT NULL,
  `exception` longtext CHARACTER SET utf8mb4 COLLATE utf8mb4_unicode_ci NOT NULL,
  `failed_at` timestamp NOT NULL DEFAULT CURRENT_TIMESTAMP,
  PRIMARY KEY (`id`),
  UNIQUE KEY `failed_jobs_uuid_unique` (`uuid`)
) ENGINE=InnoDB DEFAULT CHARSET=utf8mb4 COLLATE=utf8mb4_unicode_ci;
/*!40101 SET character_set_client = @saved_cs_client */;

--
-- Dumping data for table `failed_jobs`
--

LOCK TABLES `failed_jobs` WRITE;
/*!40000 ALTER TABLE `failed_jobs` DISABLE KEYS */;
/*!40000 ALTER TABLE `failed_jobs` ENABLE KEYS */;
UNLOCK TABLES;

--
-- Table structure for table `grupos`
--

DROP TABLE IF EXISTS `grupos`;
/*!40101 SET @saved_cs_client     = @@character_set_client */;
/*!50503 SET character_set_client = utf8mb4 */;
CREATE TABLE `grupos` (
  `id` bigint unsigned NOT NULL AUTO_INCREMENT,
  `nombre` varchar(191) CHARACTER SET utf8mb4 COLLATE utf8mb4_unicode_ci NOT NULL,
  `existe` tinyint(1) NOT NULL DEFAULT '1',
  `curso_id` bigint unsigned DEFAULT NULL,
  `created_at` timestamp NULL DEFAULT NULL,
  `updated_at` timestamp NULL DEFAULT NULL,
  PRIMARY KEY (`id`),
  KEY `grupos_curso_id_foreign` (`curso_id`),
  CONSTRAINT `grupos_curso_id_foreign` FOREIGN KEY (`curso_id`) REFERENCES `cursos` (`id`) ON DELETE SET NULL ON UPDATE CASCADE
) ENGINE=InnoDB AUTO_INCREMENT=39 DEFAULT CHARSET=utf8mb4 COLLATE=utf8mb4_unicode_ci;
/*!40101 SET character_set_client = @saved_cs_client */;

--
-- Dumping data for table `grupos`
--

LOCK TABLES `grupos` WRITE;
/*!40000 ALTER TABLE `grupos` DISABLE KEYS */;
INSERT INTO `grupos` VALUES (1,'grupo 1',1,1,'2022-01-23 23:13:35',NULL),(2,'grupo 2',1,1,'2022-01-23 23:13:35',NULL),(3,'grupo 3',1,1,'2022-01-23 23:13:35',NULL),(4,'grupo 4',1,1,'2022-01-23 23:13:35',NULL),(5,'grupo 5',1,1,'2022-01-23 23:13:35',NULL),(6,'grupo 6',1,1,'2022-01-23 23:13:35',NULL),(9,'grupo 1',1,2,'2022-01-27 05:20:42','2022-01-27 05:20:42'),(10,'grupo 2',1,2,'2022-01-27 05:21:00','2022-01-27 05:21:00'),(11,'grupo 3',1,2,'2022-01-27 05:21:06','2022-01-27 05:21:06'),(12,'grupo 4',1,2,'2022-01-27 05:21:10','2022-01-27 05:21:10'),(13,'grupo 5',1,2,'2022-01-27 05:26:28','2022-01-27 05:26:28'),(14,'grupo 6',1,2,'2022-01-27 05:26:31','2022-01-27 05:26:31'),(15,'grupo 7',1,2,'2022-01-27 05:26:37','2022-01-27 05:26:37'),(16,'grupo 8',1,2,'2022-01-27 05:26:40','2022-01-27 05:26:40'),(17,'grupo 9',1,2,'2022-01-27 05:26:43','2022-01-27 05:26:43'),(18,'grupo 10',1,2,'2022-01-27 05:26:46','2022-01-27 05:26:46'),(19,'grupo 1',1,1,'2022-01-28 02:49:35','2022-01-28 02:49:35'),(20,'grupo 2',1,1,'2022-01-28 02:49:49','2022-01-28 02:49:49'),(21,'grupo 3',1,1,'2022-01-28 02:49:59','2022-01-28 02:49:59'),(22,'grupo 4',1,1,'2022-01-28 02:50:06','2022-01-28 02:50:06'),(23,'grupo 5',1,1,'2022-01-28 02:50:14','2022-01-28 02:50:14'),(24,'grupo 6',1,1,'2022-01-28 02:50:20','2022-01-28 02:50:20'),(25,'grupo 7',1,1,'2022-01-28 02:50:28','2022-01-28 02:50:28'),(26,'grupo 8',1,1,'2022-01-28 02:50:35','2022-01-28 02:50:35'),(27,'grupo 9',1,1,'2022-01-28 02:50:42','2022-01-28 02:50:42'),(28,'grupo 10',1,1,'2022-01-28 02:50:51','2022-01-28 02:50:51'),(29,'grupo 1',1,3,'2022-01-28 07:30:27','2022-01-28 07:30:27'),(30,'grupo 2',1,3,'2022-01-28 07:30:40','2022-01-28 07:30:40'),(31,'grupo 3',1,3,'2022-01-28 07:30:48','2022-01-28 07:30:48'),(32,'grupo 4',1,3,'2022-01-28 07:30:55','2022-01-28 07:30:55'),(33,'grupo 5',1,3,'2022-01-28 07:31:04','2022-01-28 07:31:04'),(34,'grupo 6',1,3,'2022-01-28 07:31:11','2022-01-28 07:31:11'),(35,'grupo 7',1,3,'2022-01-28 07:31:18','2022-01-28 07:31:18'),(36,'grupo 8',1,3,'2022-01-28 07:31:25','2022-01-28 07:31:25'),(37,'grupo 9',1,3,'2022-01-28 07:31:32','2022-01-28 07:31:32'),(38,'grupo 10',1,3,'2022-01-28 07:31:39','2022-01-28 07:31:39');
/*!40000 ALTER TABLE `grupos` ENABLE KEYS */;
UNLOCK TABLES;

--
-- Table structure for table `migrations`
--

DROP TABLE IF EXISTS `migrations`;
/*!40101 SET @saved_cs_client     = @@character_set_client */;
/*!50503 SET character_set_client = utf8mb4 */;
CREATE TABLE `migrations` (
  `id` int unsigned NOT NULL AUTO_INCREMENT,
  `migration` varchar(191) CHARACTER SET utf8mb4 COLLATE utf8mb4_unicode_ci NOT NULL,
  `batch` int NOT NULL,
  PRIMARY KEY (`id`)
) ENGINE=InnoDB AUTO_INCREMENT=20 DEFAULT CHARSET=utf8mb4 COLLATE=utf8mb4_unicode_ci;
/*!40101 SET character_set_client = @saved_cs_client */;

--
-- Dumping data for table `migrations`
--

LOCK TABLES `migrations` WRITE;
/*!40000 ALTER TABLE `migrations` DISABLE KEYS */;
INSERT INTO `migrations` VALUES (1,'2010_06_26_181817_create_cursos_table',1),(2,'2011_07_26_220138_create_grupos_table',1),(3,'2012_12_16_172925_create_cuestionarios_table',1),(4,'2014_10_12_000000_create_users_table',1),(5,'2014_10_12_100000_create_password_resets_table',1),(6,'2016_06_01_000001_create_oauth_auth_codes_table',1),(7,'2016_06_01_000002_create_oauth_access_tokens_table',1),(8,'2016_06_01_000003_create_oauth_refresh_tokens_table',1),(9,'2016_06_01_000004_create_oauth_clients_table',1),(10,'2016_06_01_000005_create_oauth_personal_access_clients_table',1),(11,'2019_08_19_000000_create_failed_jobs_table',1),(12,'2021_12_15_045552_create_preguntas_table',1),(13,'2021_12_17_154844_create_opcions_table',1),(14,'2021_12_17_220345_create_respuestas_table',1),(15,'2022_01_23_213343_existe',2),(16,'2022_01_23_213345_faltante',3),(17,'2022_01_24_174837_titulo_pregunta',4),(18,'2022_01_25_015144_create_areas',5),(19,'2022_01_25_015825_create_curso_area',6);
/*!40000 ALTER TABLE `migrations` ENABLE KEYS */;
UNLOCK TABLES;

--
-- Table structure for table `oauth_access_tokens`
--

DROP TABLE IF EXISTS `oauth_access_tokens`;
/*!40101 SET @saved_cs_client     = @@character_set_client */;
/*!50503 SET character_set_client = utf8mb4 */;
CREATE TABLE `oauth_access_tokens` (
  `id` varchar(100) CHARACTER SET utf8mb4 COLLATE utf8mb4_unicode_ci NOT NULL,
  `user_id` bigint unsigned DEFAULT NULL,
  `client_id` bigint unsigned NOT NULL,
  `name` varchar(191) CHARACTER SET utf8mb4 COLLATE utf8mb4_unicode_ci DEFAULT NULL,
  `scopes` text CHARACTER SET utf8mb4 COLLATE utf8mb4_unicode_ci,
  `revoked` tinyint(1) NOT NULL,
  `created_at` timestamp NULL DEFAULT NULL,
  `updated_at` timestamp NULL DEFAULT NULL,
  `expires_at` datetime DEFAULT NULL,
  PRIMARY KEY (`id`),
  KEY `oauth_access_tokens_user_id_index` (`user_id`)
) ENGINE=InnoDB DEFAULT CHARSET=utf8mb4 COLLATE=utf8mb4_unicode_ci;
/*!40101 SET character_set_client = @saved_cs_client */;

--
-- Dumping data for table `oauth_access_tokens`
--

LOCK TABLES `oauth_access_tokens` WRITE;
/*!40000 ALTER TABLE `oauth_access_tokens` DISABLE KEYS */;
INSERT INTO `oauth_access_tokens` VALUES ('03c293d087b8c13c3abc9daa40cea7ff1d408b2a611777a978f6ddd1bfac811e3860bd3d66728502',1,3,'pandora','[]',1,'2022-01-24 16:17:46','2022-01-24 16:17:46','2023-01-24 11:17:46'),('06d47c53fe998ec00be34a1ab33437d4e990d2f583714a7c41877a261e4fc7f2f42c065f0ab5546f',1,3,'pandora','[]',1,'2022-01-28 20:17:51','2022-01-28 20:17:51','2023-01-28 15:17:51'),('08cdb5b22c30a9969ee1899b46c5ab02929847f68e292174cb6c142e8b274b9f2065ccd4fb53e430',1,3,'pandora','[]',0,'2022-01-28 21:04:24','2022-01-28 21:04:24','2023-01-28 16:04:24'),('08edf5c64ac59c9fbec7febacd11d711d86294bcdb7eb4d1815d3c28d84cc656223c9586c6091b61',16,3,'pandora','[]',1,'2022-01-28 18:18:27','2022-01-28 18:18:27','2023-01-28 13:18:27'),('09ed7c7b91bc0dffe23571318069dcae3cf42d7770d151dfd1aa9ad36c21052c054bc22aef72f7c0',1,3,'pandora','[]',1,'2022-01-27 19:12:01','2022-01-27 19:12:01','2023-01-27 14:12:01'),('0b8f3d7916b40405d4c27501d1cb62ebf373fa4da2d49265aea6935d4281145982887118d83d04b7',15,3,'pandora','[]',1,'2022-01-28 03:16:26','2022-01-28 03:16:26','2023-01-27 22:16:26'),('0c7394041aa37b11ee14dd55d44cc6b1fcb8af64ff8a93867cf95b975eb1005789c63088800750f3',1,3,'pandora','[]',1,'2022-01-28 02:12:08','2022-01-28 02:12:08','2023-01-27 21:12:08'),('0d0738a6b64796e346953f7c32b7576c8232abd81852c23315d435e119c3f842d81bba43350eb826',25,3,'pandora','[]',1,'2022-01-28 08:41:40','2022-01-28 08:41:40','2023-01-28 03:41:40'),('0e5ffbdaa27131a472eb2cabc32c42425e4ef1cac554600e7e65df6d0d06cf5aaff2ef7ed8468853',15,3,'pandora','[]',1,'2022-01-28 03:09:14','2022-01-28 03:09:14','2023-01-27 22:09:14'),('0eecb91eedb34bbe76072fe32eedcb6b268ab40e6a5c6ad30b7ec3ee3159c38d173affe875bfa480',15,3,'pandora','[]',1,'2022-01-28 18:18:34','2022-01-28 18:18:34','2023-01-28 13:18:34'),('1108dd94575bd22c4ea74931a091fdce1008b3197575cf8388ecb1ba7be45d8ffb237a9d6030f43b',1,3,'pandora','[]',1,'2022-01-27 04:54:41','2022-01-27 04:54:41','2023-01-26 23:54:41'),('15940072e9626b27140e648c51d7c5843cfeab5de9c8fdb214df7b95b8d89481672709f944aa535e',1,3,'pandora','[]',1,'2022-01-24 08:21:02','2022-01-24 08:21:02','2023-01-24 03:21:02'),('16a2ed4b1d85448449d5dde1dd9b219edd555356fb45c1b629ead5865b9e8642aab7365712b58145',16,3,'pandora','[]',1,'2022-01-28 18:18:27','2022-01-28 18:18:27','2023-01-28 13:18:27'),('17ddd608f55622dd76386e53af4ebbefe8075763dcfe8b7f0343f2bfd665665c10f8e91a8efc15ed',27,3,'pandora','[]',1,'2022-01-28 20:52:30','2022-01-28 20:52:30','2023-01-28 15:52:30'),('18b93f2a159060beb78b71095797051445f3a7e41aa277047d8fd9770ca4ed3cd43c6f276a286bfb',16,3,'pandora','[]',1,'2022-01-28 18:18:30','2022-01-28 18:18:30','2023-01-28 13:18:30'),('1a6da22001dc5ff3bd8b790d7ddd17143951e0009909e101d392cc49176acf85e137052294f30e04',11,3,'pandora','[]',1,'2022-01-27 17:34:40','2022-01-27 17:34:40','2023-01-27 12:34:40'),('1a973b92f9d55a681c61fcfd2719eceab4b552c62ba29d9d25c88a177430234d11cd5523beb69ec5',1,3,'pandora','[]',1,'2022-01-24 17:17:00','2022-01-24 17:17:00','2023-01-24 12:17:00'),('1aba62e8c856d919a8719df2116196646b530035fdfad7970231ab3ea86deea00987cefbf0169511',17,3,'pandora','[]',1,'2022-01-28 18:18:42','2022-01-28 18:18:42','2023-01-28 13:18:42'),('1c29a0eb8f52be77c1608a3ac1e4effa9e9668e327dfdc8b198eb6d05c2b15d7f77fea55e71f5b1c',16,3,'pandora','[]',1,'2022-01-28 18:18:27','2022-01-28 18:18:27','2023-01-28 13:18:27'),('1d51b999c3c4cc477be634100684ba0df441884b47dfab44231c219f9e53971a3236fa459a2e91fb',1,3,'pandora','[]',1,'2022-01-28 08:34:47','2022-01-28 08:34:47','2023-01-28 03:34:47'),('1e151abac4332414f1346d8ab3e5e69b8d32d5cf1cadc855f49ebd004d18c01df0b50b0992371023',7,3,'pandora','[]',0,'2022-01-27 17:34:12','2022-01-27 17:34:12','2023-01-27 12:34:12'),('1e632fe8cad41cd9293d432f3fca9a98700e1f66d20d1f9b1478e8013ccfd799f6cf3aa3c1eaa324',1,3,'pandora','[]',1,'2022-01-28 02:41:06','2022-01-28 02:41:06','2023-01-27 21:41:06'),('2323ffe2189ddd41f7a1f6035fe953b2e4542558752b8d3e000c4afc33a8c6c086963a7d4be7dcf2',11,3,'pandora','[]',0,'2022-01-27 17:37:32','2022-01-27 17:37:32','2023-01-27 12:37:32'),('23fd92fc936c657b8f70e565b4baa6ec74648acda9bbee0819dd98e78715fc917b92a2f3a031de6d',30,3,'pandora','[]',1,'2022-01-28 20:20:08','2022-01-28 20:20:08','2023-01-28 15:20:08'),('2576d2b12c1279ea2eb72ac7ee1646a0a535b9830215adf5ad8280a1b85b4ffa1e42a3907aa84b95',21,3,'pandora','[]',1,'2022-01-28 18:18:25','2022-01-28 18:18:25','2023-01-28 13:18:25'),('25b045728cafda813ada4bfcf4c89a12172cf9470ebcfa0bc0cfc0ed80f24a03144d8da4a377cbed',2,3,'pandora','[]',1,'2022-01-27 08:26:52','2022-01-27 08:26:52','2023-01-27 03:26:52'),('281a9409f63e333d772b8fa17fb2caf2dd5fea1b3de91948efe9ff026623fb6f9286ad379ecc7bf2',1,3,'pandora','[]',1,'2022-01-28 02:40:15','2022-01-28 02:40:15','2023-01-27 21:40:15'),('29231ff0a52cef282e0554dbd87eb81ccc96f9965f68e9889aba0bab8d377e373f9b7c7c5d9146e9',15,3,'pandora','[]',1,'2022-01-28 21:36:29','2022-01-28 21:36:29','2023-01-28 16:36:29'),('2965e950a36e1be5f4143550c759f28987daf9666289eecb61ea3e7b960a1b7c660760b9a27cbf50',11,3,'pandora','[]',1,'2022-01-27 17:36:41','2022-01-27 17:36:41','2023-01-27 12:36:41'),('29e30b16d8310e13c66359acca69b6fe3f2474d66be56cbd11815b5d64271d1fbf500b7dac675975',1,3,'pandora','[]',1,'2022-01-27 19:50:42','2022-01-27 19:50:42','2023-01-27 14:50:42'),('2a7a608b06428a4aec9403d3016d3c81e6dad7a3e477e824116e2e29eb8902f87393fdb847169f9e',1,3,'pandora','[]',1,'2022-01-28 21:01:25','2022-01-28 21:01:25','2023-01-28 16:01:25'),('2b1f07d98077a248e3c605dea9eaf5d4df875c5327d14f310b6894cf597031a95aad36eeea0e5c6b',8,3,'pandora','[]',0,'2022-01-27 17:34:20','2022-01-27 17:34:20','2023-01-27 12:34:20'),('2b5fe75c04e39d344ffdb2e5a019a27a2b77b19c52320775a89113092667052a62a6a826b70693d6',16,3,'pandora','[]',1,'2022-01-28 18:18:26','2022-01-28 18:18:26','2023-01-28 13:18:26'),('2bc3433a1a88712c78ae98dacb3c7e090e97cd567eab6786d336679238bf75e123d4c0c296fed5bf',16,3,'pandora','[]',1,'2022-01-28 18:18:25','2022-01-28 18:18:25','2023-01-28 13:18:25'),('2cf48ed0f573b3b9b0ae4a22e5a8a14009372e3c3565941c0c50d5b4b35c7c0b3b3d74da979ecff3',9,3,'pandora','[]',0,'2022-01-27 17:35:03','2022-01-27 17:35:03','2023-01-27 12:35:03'),('2d2941e5093a3cb95df97d3aab591be29916b24ab23aef89638ded1bbdaada33a54dfeb6c3e97e1d',1,3,'pandora','[]',1,'2022-01-28 08:27:10','2022-01-28 08:27:10','2023-01-28 03:27:10'),('3105b76ff39f09df3afe3c55b64baf705c9c39afbcc29d992d8e1941117ef5492a046d67f597bc5d',27,3,'pandora','[]',0,'2022-01-28 20:52:32','2022-01-28 20:52:32','2023-01-28 15:52:32'),('34b749bbca639390bce12ee62b2ac7f52f65e62b3ad61b70d40081150dfe3293393c0ef8b1841f16',1,3,'pandora','[]',1,'2022-01-27 04:15:00','2022-01-27 04:15:00','2023-01-26 23:15:00'),('35735e08f857570f333bb3db9567341c2aad512bdfd0929a078b9aaa68065518e4e35ab013c06c84',1,3,'pandora','[]',1,'2022-01-27 19:49:07','2022-01-27 19:49:07','2023-01-27 14:49:07'),('3600c54049ebd5fccc03b79024474e865dc2ed726e3930faefe275c414621a79dff52ecba1dcb82d',25,3,'pandora','[]',1,'2022-01-28 20:42:22','2022-01-28 20:42:22','2023-01-28 15:42:22'),('375fc3a8dfef3d7211d482ea172c155823f24a4f679aef5a05f51f74edfbf2d7d8207827534e31d0',1,3,'pandora','[]',1,'2022-01-28 08:28:06','2022-01-28 08:28:06','2023-01-28 03:28:06'),('398f81c5f8980a3578d79dd1c3dd0ff8e765a639d3c5ae6301a336d52cf7838beb75b66e3d3ae8fd',1,3,'pandora','[]',1,'2022-01-27 19:54:14','2022-01-27 19:54:14','2023-01-27 14:54:14'),('39b335e78e7ab42ff1d566bc273c6047ad6519c8acbd8e400df77c4c01a9b873423dae9ba3fb7513',18,3,'pandora','[]',1,'2022-01-28 18:18:11','2022-01-28 18:18:11','2023-01-28 13:18:11'),('3b3ebd60c092342a025d26060802ae8629068f91f0afbbc9bf7002a55ab01f3eec507f707b140a78',1,3,'pandora','[]',1,'2022-01-27 08:14:01','2022-01-27 08:14:01','2023-01-27 03:14:01'),('3cd4aa225329634176f3269031aeea32bf683d7e17e26e598ce75c9b9223a12ff4dc37e832495d67',15,3,'pandora','[]',1,'2022-01-28 18:50:12','2022-01-28 18:50:12','2023-01-28 13:50:12'),('3ffab83b1f9eab52c859380a8c3e00c042bcee7aec01ae6660bdeb7fe2b828c47df920fa4d5ea204',2,3,'pandora','[]',1,'2022-01-27 09:08:07','2022-01-27 09:08:07','2023-01-27 04:08:07'),('4002a2c8a9fe75edad413eeb1fde3477ffa1098c48b3bd9234bf5b05acba1b1c33927e1bbc1d848b',28,3,'pandora','[]',0,'2022-01-28 20:20:52','2022-01-28 20:20:52','2023-01-28 15:20:52'),('420fe308a65d68f839b5883a6e51e399d568a01dd93e8992aa9acd7b56a8cc3745aae9d26f692b40',1,3,'pandora','[]',1,'2022-01-27 08:12:55','2022-01-27 08:12:55','2023-01-27 03:12:55'),('44447ceeb4f86ddeb3739b05eb7cff4bcfea9af6f234c1514e5fc9210e33fcd6bd758d2b86fe53ce',3,3,'pandora','[]',1,'2022-01-27 08:49:20','2022-01-27 08:49:20','2023-01-27 03:49:20'),('448d51d1ededc87a70bf05a3cd794b3aec11a9237fd0dbadc774890456e034214bcede03c119c37b',2,3,'pandora','[]',1,'2022-01-27 08:15:31','2022-01-27 08:15:31','2023-01-27 03:15:31'),('4645241193d81d3bf732acf4d47851d2d584af8a27e8bd1cc575ae9987507e831d7e6fcf7e3cf831',15,3,'pandora','[]',1,'2022-01-28 03:06:33','2022-01-28 03:06:33','2023-01-27 22:06:33'),('478518bc5e3901c3dafc4e17cb6f071203c7b289e1f70dd21a8a049bee422f3bd6b5a365e20c6c46',21,3,'pandora','[]',1,'2022-01-28 18:18:14','2022-01-28 18:18:14','2023-01-28 13:18:14'),('49fdc75c1f660fe963958ab88a708bce77f99ae00810aca5fe466f728a3f5be8483baf5a908f03ed',2,3,'pandora','[]',1,'2022-01-27 05:38:02','2022-01-27 05:38:02','2023-01-27 00:38:02'),('4cfcbb3d76a4d4233627b235c521d837445957fbb6914393f5fa74e8447634e52413d83ae0821c98',1,3,'pandora','[]',1,'2022-01-28 08:36:26','2022-01-28 08:36:26','2023-01-28 03:36:26'),('4d6437364611956d41ccd66623a77541907940910ba8cb6a4d4263b28f179cd8cabc80ec017a17ce',1,3,'pandora','[]',1,'2022-01-25 06:33:05','2022-01-25 06:33:05','2023-01-25 01:33:05'),('4dd3825fafe13357d3e1c2bd2018abf943cdd947c492a396c7068436aabe5722fe1d35b9c51f9c0f',1,3,'pandora','[]',1,'2022-01-25 02:07:39','2022-01-25 02:07:39','2023-01-24 21:07:39'),('4f392815e5900446bb1f10f630b9857a4ff9fb43c51e15fb6864c39ab8ffe756eb2dd870ddd99728',16,3,'pandora','[]',1,'2022-01-28 18:18:24','2022-01-28 18:18:24','2023-01-28 13:18:24'),('4f53f567924a92496c0077b2a542a187fc289b86a90c00f71506def43ced6abfdafa5e3f278f688a',17,3,'pandora','[]',0,'2022-01-28 18:21:07','2022-01-28 18:21:07','2023-01-28 13:21:07'),('529811f09fb544c20936478529e18365f23826416ba31ee3b3792b695f0dfc54490698b5f0c1bfc5',18,3,'pandora','[]',1,'2022-01-28 18:18:09','2022-01-28 18:18:09','2023-01-28 13:18:09'),('531a7c7d3e421c5a2160f2d727e3a297698a1d29ca8c0945ce966777c632bcc1f36d028c66d58f5e',17,3,'pandora','[]',1,'2022-01-28 18:18:37','2022-01-28 18:18:37','2023-01-28 13:18:37'),('53857de62c9585b61dbd3bc893e7091cef398be77d45523609c06569b1d9b0baf7d6b6ed1a14560e',3,3,'pandora','[]',0,'2022-01-27 17:33:56','2022-01-27 17:33:56','2023-01-27 12:33:56'),('5b5c851b5f9919a58976707361f768735c343b94b16477e45eb76f2e056777e2b2f4783d90883a5e',17,3,'pandora','[]',1,'2022-01-28 18:20:19','2022-01-28 18:20:19','2023-01-28 13:20:19'),('61632e3c94c22d423e18c8f4c07a874e373009c526eace71cb84d6feb630856898181091ad69940b',2,3,'pandora','[]',1,'2022-01-27 17:34:45','2022-01-27 17:34:45','2023-01-27 12:34:45'),('63035fcf3a7251a7309cb9c71e60a33b9530c4c8732364958ad68f4301faf03c992021167ed59610',15,3,'pandora','[]',1,'2022-01-28 18:50:12','2022-01-28 18:50:12','2023-01-28 13:50:12'),('635182f2020ad5a105906c2e585c5cf9972463fed2f46b4a5ea2fb27c56d867c0354b289af45ee5f',1,3,'pandora','[]',1,'2022-01-28 08:29:06','2022-01-28 08:29:06','2023-01-28 03:29:06'),('65a6ec906d6480b4a6b702e35c3841a7557e840177490832f15cfc238d549a5ec97d959b9344e2b1',1,3,'pandora','[]',1,'2022-01-28 07:45:24','2022-01-28 07:45:24','2023-01-28 02:45:24'),('68209dd6a4a30d8dcdadfa04ef946c458e754c5240765e5457e2d818b39309f7cf79d6911523c6c4',27,3,'pandora','[]',1,'2022-01-28 20:18:52','2022-01-28 20:18:52','2023-01-28 15:18:52'),('68fe1d98527a3a7d9ff472a7251fc90c2a6e4b3895d2d714cf609878355bd9fdde9d83ac4a7af5be',1,3,'pandora','[]',1,'2022-01-24 02:11:01','2022-01-24 02:11:01','2023-01-23 21:11:01'),('6923320c87264f04256bfc2a2572237209bb0c2357cbd008f4fea377855a2d4384ac22a653df0089',1,3,'pandora','[]',1,'2022-01-27 19:18:02','2022-01-27 19:18:02','2023-01-27 14:18:02'),('6947e35aa569cd856d4f49a27e8f4ecaa0ff5ec977d042533726b37e7ddb94f83b93932ac4a37271',1,3,'pandora','[]',1,'2022-01-28 08:37:31','2022-01-28 08:37:31','2023-01-28 03:37:31'),('6a685cf89e16eaf8ec28626679fd4c012d792d4e5779dc80e43bec3c0b4fa19a5ccfc9a7eb02de62',15,3,'pandora','[]',1,'2022-01-28 03:18:26','2022-01-28 03:18:26','2023-01-27 22:18:26'),('6c7b68f5bbf2a3c8831fdd45b888065d6a4216563401ea9ba6ec054895dc7f51d112b1a59ec6c81a',25,3,'pandora','[]',1,'2022-01-28 21:34:51','2022-01-28 21:34:51','2023-01-28 16:34:51'),('6dd52c0c8bc57e5b3ed17a8d819975bf3f22c11e3cc51e096acb7861e9f6c1148c1ff61dc5c363b5',15,3,'pandora','[]',1,'2022-01-28 18:18:35','2022-01-28 18:18:35','2023-01-28 13:18:35'),('706dcb02cc6bc47da3718fc1f5dc096c966416a00a7a5e3a436e86823ef5bd5741ec23761def2a80',1,3,'pandora','[]',1,'2022-01-28 08:39:01','2022-01-28 08:39:01','2023-01-28 03:39:01'),('7ab2d3ce90236e5bd98111d2b1ecec97e92e68605f54e08c5ee5ffd73763c1b3601594ab63e99293',25,3,'pandora','[]',1,'2022-01-28 19:42:57','2022-01-28 19:42:57','2023-01-28 14:42:57'),('7b2590ece62d395ee2de52509013452410573e3ddb4b33ba277744ae4ffe6788e6ebf9474236cca0',27,3,'pandora','[]',1,'2022-01-28 20:52:20','2022-01-28 20:52:20','2023-01-28 15:52:20'),('7d3856a2acdad5dc00703aac00f2e60f8ca8bb6959394d762e32420fd758fc30f995af2736c3cc6a',1,3,'pandora','[]',1,'2022-01-28 02:11:39','2022-01-28 02:11:39','2023-01-27 21:11:39'),('8039f9168cbc5a1f3f927509c2a0594c34d458872969937bde4662fcd9e9fc553b0b30100ce67b37',15,3,'pandora','[]',1,'2022-01-28 18:50:11','2022-01-28 18:50:11','2023-01-28 13:50:11'),('80ab7b6778ea9d54a5b55db7368dba4af49ccd22d7dcfb41f9190095996d47fd5d80b291b4db61af',2,3,'pandora','[]',1,'2022-01-27 20:05:41','2022-01-27 20:05:41','2023-01-27 15:05:41'),('82382021f03a7f7090a8a76ea3e20c9cb627f047718a72a79477b568889531b12f7901bbd980e008',2,3,'pandora','[]',0,'2022-01-28 22:51:47','2022-01-28 22:51:47','2023-01-28 17:51:47'),('88981c4551aefdb974b247eeb7e403bee7e5be3e4fbe4c98bb23fea8818bb892f30652fdbe41aa58',2,3,'pandora','[]',1,'2022-01-27 08:59:55','2022-01-27 08:59:55','2023-01-27 03:59:55'),('89510c9af7e71d3cbec4e128f32065d3ea6429cfa42fd888cab1e596f964ce68f8aca6e01f63cccc',11,3,'pandora','[]',1,'2022-01-27 17:35:44','2022-01-27 17:35:44','2023-01-27 12:35:44'),('8a194cbb41e5c418ee5fba77d3c54fd7d7316dc95225f4d61125f38e52baaed7be5120726d990058',1,3,'pandora','[]',1,'2022-01-28 02:40:43','2022-01-28 02:40:43','2023-01-27 21:40:43'),('8dd0dde1a6117b58c18a32ba17bcd3c1f7b0e5349064595265a5da1a585e630d5f3fc99548c21207',1,3,'pandora','[]',1,'2022-01-27 09:00:06','2022-01-27 09:00:06','2023-01-27 04:00:06'),('8f5b9ea9371185e545635f6bf7337dcf605997e67b674bef677420597ee74f3195a2cb3a4182cab1',17,3,'pandora','[]',1,'2022-01-28 18:18:35','2022-01-28 18:18:35','2023-01-28 13:18:35'),('9659455e6605b87b0116fab73ed2a90d5060104dfa542916d86035f3cd8bc61b5f358c1e0a60c738',25,3,'pandora','[]',1,'2022-01-28 20:38:59','2022-01-28 20:38:59','2023-01-28 15:38:59'),('978bb246edc02a2cb11033673172acf89e75e4024c8adff79512ed9a6592565a7942f8416375a80a',16,3,'pandora','[]',1,'2022-01-28 18:18:31','2022-01-28 18:18:31','2023-01-28 13:18:31'),('98b44168ff43ddae31a6510fd3798fad771eba39a201f619d7c9fc923b07c348b429beeff8ae4eb2',1,3,'pandora','[]',1,'2022-01-28 08:26:00','2022-01-28 08:26:00','2023-01-28 03:26:00'),('9bb18d29f2b4fd5232ddd2e3accda08929ac11a184af293da5c5e8fbc54149da4f9ffb3be80d48a5',1,3,'pandora','[]',1,'2022-01-27 08:14:02','2022-01-27 08:14:02','2023-01-27 03:14:02'),('9d90093b8aebd57beae76d04c69917057bd2ef1e59a3119b2771b1ff95f5fae7de027f69b4ebe724',1,3,'pandora','[]',1,'2022-01-24 17:10:22','2022-01-24 17:10:22','2023-01-24 12:10:22'),('9df119220e295741b2bf8938d1f6315ec74e0af4a980b001494e6837f7aa766f8c5d610c07cc93f0',15,3,'pandora','[]',0,'2022-01-28 22:49:20','2022-01-28 22:49:20','2023-01-28 17:49:20'),('9f5562bd53355343d48b0c953da803db31357f406aacd7e4a15f0bb70358cddf109f3979585bc388',4,3,'pandora','[]',0,'2022-01-27 17:34:18','2022-01-27 17:34:18','2023-01-27 12:34:18'),('a1baaa35593b17101e12b2e686296bd3985840e094d580150c9b025596531f7445bc08146d6ab3cb',1,3,'pandora','[]',1,'2022-01-28 08:36:31','2022-01-28 08:36:31','2023-01-28 03:36:31'),('a279098b581f5f22db40855a13aeca27cebc7d83ae276f983731367301199d2ff6a32b5d2268ec14',1,3,'pandora','[]',1,'2022-01-28 07:25:09','2022-01-28 07:25:09','2023-01-28 02:25:09'),('a642e187aa2069d821753b4d3d4a796813615f89b10903ba58fa008ea22c7094eaa6c8ff4fd949b8',6,3,'pandora','[]',0,'2022-01-27 17:33:46','2022-01-27 17:33:46','2023-01-27 12:33:46'),('aa1e5b0011d720228cbf146313cb8f7a70a3045443f7e8610dfb92232c61d73ad6f703929490340e',3,3,'pandora','[]',1,'2022-01-27 08:50:00','2022-01-27 08:50:00','2023-01-27 03:50:00'),('ab4e2cf157487021aec1bfc8806110024d6779f9a44e2e1b08758a3808377a42bcf257bd6afada9b',7,3,'pandora','[]',1,'2022-01-27 17:34:11','2022-01-27 17:34:11','2023-01-27 12:34:11'),('ad9aa52483b4e9b54f72a45e5ce07239962952208e1be41734b5a1ed10bb3338dbbfdda9a4ef1220',16,3,'pandora','[]',1,'2022-01-28 18:18:31','2022-01-28 18:18:31','2023-01-28 13:18:31'),('ae4a562823068eede94ddba73f432b3d83eb2926419914936b94108ef849c0ba333e96406b4d2115',15,3,'pandora','[]',1,'2022-01-28 03:11:19','2022-01-28 03:11:19','2023-01-27 22:11:19'),('b0cd0d9ff93aa9adff4e72b72b24145618dbf6f87256d6a5279486dea81dba21472e6e0a258ecbb5',2,3,'pandora','[]',1,'2022-01-27 08:49:35','2022-01-27 08:49:35','2023-01-27 03:49:35'),('b1a8485fb67f7a8714b4197c95b4db7292fa593a18e9a6337ff065a6ea8e00e6b9bf8c952d49fc17',21,3,'pandora','[]',0,'2022-01-28 18:18:37','2022-01-28 18:18:37','2023-01-28 13:18:37'),('b302cc65ce905f301ecd494c92840ed57f409969bc852f4132e075d7c5b4f317d96640ee8f934d84',2,3,'pandora','[]',1,'2022-01-27 08:59:24','2022-01-27 08:59:24','2023-01-27 03:59:24'),('b3192d264fc52005108b2a8a9597635874d87d1bd6bd44db9597688d9792f3fe3e240b157490c8ba',16,3,'pandora','[]',1,'2022-01-28 18:19:56','2022-01-28 18:19:56','2023-01-28 13:19:56'),('b51b1d0a90f2f1ba8310de49a64ad52348de940f98b210573b44823240f72318c2b48296d281a70a',30,3,'pandora','[]',0,'2022-01-28 20:20:17','2022-01-28 20:20:17','2023-01-28 15:20:17'),('b99197b2fbb3de2de4a49728b2a25075020179b3c68ed5608d62f7bca22c3c53798fc80499242f03',2,3,'pandora','[]',1,'2022-01-27 19:14:21','2022-01-27 19:14:21','2023-01-27 14:14:21'),('bd3c38aa4a4a74ab5f90bf1a3aad58bdab874c8e229c07ed7a4ca9c771fce521fa3338ba339cdd91',1,3,'pandora','[]',1,'2022-01-25 06:33:06','2022-01-25 06:33:06','2023-01-25 01:33:06'),('bd44dc7ace4d3d21233405b260d7e058886c22ab1cc0fae1c0dbe0f357bf891bc59704885dcd842e',18,3,'pandora','[]',1,'2022-01-28 18:18:10','2022-01-28 18:18:10','2023-01-28 13:18:10'),('be491f80cbe9981d3ae3ba3e8dcb337cd0bbe98c729c40291e5c369dae5b18793affdbf46c4dd87d',1,3,'pandora','[]',1,'2022-01-28 01:52:29','2022-01-28 01:52:29','2023-01-27 20:52:29'),('bf88d672d96c3aca86023ab7b3480c3358c0ac303394d76b987be0e9eca18692a0691f57fb938723',17,3,'pandora','[]',1,'2022-01-28 18:18:09','2022-01-28 18:18:09','2023-01-28 13:18:09'),('c19cf6d297e3b0098f6d3889415b7e162b9c62ac6dba74faeb2a9abdaa0c6cd919a01622228371af',25,3,'pandora','[]',0,'2022-01-28 21:37:58','2022-01-28 21:37:58','2023-01-28 16:37:58'),('c30cdbb56f6678e7eaa7743cfb1749dc83412bcfd91478f9e56f946d1acbfa304e6f595c543809ae',18,3,'pandora','[]',0,'2022-01-28 18:34:16','2022-01-28 18:34:16','2023-01-28 13:34:16'),('c3ed3ebdc63606f03dc1f279cebb5df4a7c29961c5ba9bf89fee7ef8e800557e30e83a6c87ab19b4',1,3,'pandora','[]',1,'2022-01-28 03:43:41','2022-01-28 03:43:41','2023-01-27 22:43:41'),('c446e010ffd73272b25f3cbb657e7ef5be6c45c5f3eba07a49e4ad5b2a577add282c315864588ccc',1,3,'pandora','[]',1,'2022-01-24 02:29:55','2022-01-24 02:29:55','2023-01-23 21:29:55'),('c577d81f701df5281cd165865d5856229100f32fadd6e0dca2fed7225691dad62878dfc669bd4c74',26,3,'pandora','[]',0,'2022-01-28 20:19:34','2022-01-28 20:19:34','2023-01-28 15:19:34'),('c5f95fef164639c049b2763e925831ba4d2abffc74f376056eabeb8bafdeaef868deece6e50ce7f7',1,3,'pandora','[]',1,'2022-01-24 08:10:49','2022-01-24 08:10:49','2023-01-24 03:10:49'),('ce9bc0d55fe78eede64f488b4554963efc583df52b943e36b6d2c98a444839e6ddf16334dcbd139f',15,3,'pandora','[]',1,'2022-01-28 03:06:46','2022-01-28 03:06:46','2023-01-27 22:06:46'),('cedc2884c308e2aba7ecb35a9f2285328c70a526b25ad0545a2beb4d2b2248e03cb8c52f1f7d0bce',1,3,'pandora','[]',1,'2022-01-24 17:12:08','2022-01-24 17:12:08','2023-01-24 12:12:08'),('cf73ece96ff9d354a70d619e415e78b7873bbc7faa4550554e1ce6a11b0f4daf51a35dc60547e1e3',15,3,'pandora','[]',1,'2022-01-28 08:40:42','2022-01-28 08:40:42','2023-01-28 03:40:42'),('d32fdb933b034c3c910c487337260e9e4a7ab13a1158435f3bab507661428490d2f51a6aecac7c40',10,3,'pandora','[]',0,'2022-01-27 17:35:06','2022-01-27 17:35:06','2023-01-27 12:35:06'),('d4c16959b91054640a505ae7d34d76f806501fdafdbb7ed1263447d065c53aa673d1e0c62dc3e978',2,3,'pandora','[]',1,'2022-01-28 22:30:40','2022-01-28 22:30:40','2023-01-28 17:30:40'),('d76d02ae8f328d6d311d395b1bb596d70e13ea60b17699437360e5c784d8ae1fa3572a4d2b65e853',1,3,'pandora','[]',1,'2022-01-28 17:14:30','2022-01-28 17:14:30','2023-01-28 12:14:30'),('d8167ed9d560765bdcc86145fe4b5c04a794f9794095a869028bc74a0a6c13cc78c83f10b30a8cd1',1,3,'pandora','[]',1,'2022-01-28 01:52:25','2022-01-28 01:52:25','2023-01-27 20:52:25'),('dbbee0c37c4c3f271a4deec4bb6fcb754ddc5d108ca074cbfd1d544cc80c783b353d1b84d5bb239a',1,3,'pandora','[]',1,'2022-01-27 21:25:21','2022-01-27 21:25:21','2023-01-27 16:25:21'),('dd62874526276c76ed74c9a9590276dbe087a28d9ee9f0c75d9fe170a243e17297434f23497e0967',1,3,'pandora','[]',1,'2022-01-27 08:53:23','2022-01-27 08:53:23','2023-01-27 03:53:23'),('df8beaec3fa40b03e659ca5af5790ffae0c424b1bdbb9780143e9bff76a2de53e6761075abb182d5',1,3,'pandora','[]',1,'2022-01-28 01:52:28','2022-01-28 01:52:28','2023-01-27 20:52:28'),('e099c493eb65ab3cfe4aac30b25be2deb6e9e335e77f12b3b1e8584088ff5a14eb235706ba43a902',15,3,'pandora','[]',1,'2022-01-28 03:07:53','2022-01-28 03:07:53','2023-01-27 22:07:53'),('e164a7ae57e2daa12846a23bba8ca1efe715c5f67f96796034f280934bb6b067f17d3c436c8f0658',1,3,'pandora','[]',1,'2022-01-28 07:21:05','2022-01-28 07:21:05','2023-01-28 02:21:05'),('e175daa1054644ff85997b0c5a78ad0aaf8af9d367315183b57fcd67902097dc9256156d818decbf',1,3,'pandora','[]',1,'2022-01-28 03:43:31','2022-01-28 03:43:31','2023-01-27 22:43:31'),('e1d574b6346fb05c6b262130fc9f4bf7fbf1c175058ebe8596672d6bcdc81c0cf45b710b25ed4e25',1,3,'pandora','[]',1,'2022-01-25 09:27:46','2022-01-25 09:27:46','2023-01-25 04:27:46'),('e29a26c76ab119b7a28f477d4c125a06f7ea1a181048900151c48cae4f0e5b265bab4cfe24641f7c',1,3,'pandora','[]',1,'2022-01-28 17:14:29','2022-01-28 17:14:29','2023-01-28 12:14:29'),('e6f6cbcd8bf27b8654f36fd8757504f18f90b9c4e9d2b7b6ca37f574b53d87b5bf80971c3efaf03a',16,3,'pandora','[]',0,'2022-01-28 18:21:58','2022-01-28 18:21:58','2023-01-28 13:21:58'),('e76f15e009f24607c81269950b70c3466b7a1c8a7d5f4b31d48be9bafa560fe10eb13df46cb3ce25',16,3,'pandora','[]',1,'2022-01-28 18:18:25','2022-01-28 18:18:25','2023-01-28 13:18:25'),('e833009fef9c6d2b83f98331095d8969b58d8e71f73ab3a17f32fd8e9197684373b87df534ffd5fe',1,3,'pandora','[]',1,'2022-01-24 04:28:37','2022-01-24 04:28:37','2023-01-23 23:28:37'),('ea1d0679155513e2aabdd00aee65be2a7568d56d71015ce1bfac91106421073204c8ff1d3a3c10bd',2,3,'pandora','[]',1,'2022-01-27 08:45:32','2022-01-27 08:45:32','2023-01-27 03:45:32'),('eb00133c97f2da3b40e59e0018d1fd14f338586d4bb5ffc2bb655978cb1442f7e47b4be97995085d',19,3,'pandora','[]',0,'2022-01-28 18:19:46','2022-01-28 18:19:46','2023-01-28 13:19:46'),('ed35f0edd85d75c6731baf3d1881421ce43202af86e15bfe1743ab0de4929780d0bb6feb6a8795a5',1,3,'pandora','[]',1,'2022-01-23 23:15:55','2022-01-23 23:15:55','2023-01-23 18:15:55'),('ed5cdcdc590224bd9b3238a3ae5369fcb6f60a4bf7dc28102058db7b8e64aad514bf729165b7590f',25,3,'pandora','[]',1,'2022-01-28 20:20:51','2022-01-28 20:20:51','2023-01-28 15:20:51'),('eee3d822f011873ad004b41be4a340c4cbd379cf6489bcd367f6ea919945f66d48f433da4f279361',30,3,'pandora','[]',1,'2022-01-28 20:20:07','2022-01-28 20:20:07','2023-01-28 15:20:07'),('f1586f8a2aefdc2b0217b7c63182f4d1bdfa8d2d460a842dd3194347d578cadb90a4c0e66ae5585d',29,3,'pandora','[]',0,'2022-01-28 19:45:27','2022-01-28 19:45:27','2023-01-28 14:45:27'),('f1ca34b465db0d72045536a7bc637f49d0ba7dc64b44454caa50a4053bda03abd979e9c4282f2259',20,3,'pandora','[]',0,'2022-01-28 18:18:20','2022-01-28 18:18:20','2023-01-28 13:18:20'),('f39329fecbfa1538b2bccdb3edd9ea4cbf87f6d2ed2406e3fe00f6892ea011d03ad3b37d468125c2',15,3,'pandora','[]',1,'2022-01-28 18:50:10','2022-01-28 18:50:10','2023-01-28 13:50:10'),('f658de7fa2387c3efae69bb1febc4d9bd0e163945914908637c318c71f81c6b6e80402778ca0475e',1,3,'pandora','[]',1,'2022-01-27 04:38:06','2022-01-27 04:38:06','2023-01-26 23:38:06'),('f9f9bb13125ca7c58774f5dd22f03ae193c630fca7b0707cb30bedea4c5ce289ebe5881c803abc04',15,3,'pandora','[]',1,'2022-01-28 18:18:35','2022-01-28 18:18:35','2023-01-28 13:18:35'),('fa1486573ac3de3deeb636eea8d160ecde0292623a37b53a0572aceaeecead4032bcd8b052f88eff',2,3,'pandora','[]',1,'2022-01-27 08:59:30','2022-01-27 08:59:30','2023-01-27 03:59:30'),('fbf5eb89428417ea4a3e4746e711e85e6d6a7ebb7199e778c1eb4b76457f159236aed4c35a45334b',1,3,'pandora','[]',1,'2022-01-27 04:41:22','2022-01-27 04:41:22','2023-01-26 23:41:22'),('fcbc19661228e15ae19bf1aa566b41fc8abb9fff314c619fe6027705ed8b4b95499b9600aa9a1f6c',1,3,'pandora','[]',1,'2022-01-24 22:21:05','2022-01-24 22:21:05','2023-01-24 17:21:05'),('ff12681ae919a10489a86c08529b0368948d04fe92915b92b20923bfd1a4697fc4c1215016289024',31,3,'pandora','[]',0,'2022-01-28 19:43:10','2022-01-28 19:43:10','2023-01-28 14:43:10'),('ffcee6ded6ed4331620a17de04f0eca9e6a6e16fa2884f6f1c149dde98ed342755ea66a36e4c53f2',1,3,'pandora','[]',1,'2022-01-24 08:25:11','2022-01-24 08:25:11','2023-01-24 03:25:11');
/*!40000 ALTER TABLE `oauth_access_tokens` ENABLE KEYS */;
UNLOCK TABLES;

--
-- Table structure for table `oauth_auth_codes`
--

DROP TABLE IF EXISTS `oauth_auth_codes`;
/*!40101 SET @saved_cs_client     = @@character_set_client */;
/*!50503 SET character_set_client = utf8mb4 */;
CREATE TABLE `oauth_auth_codes` (
  `id` varchar(100) CHARACTER SET utf8mb4 COLLATE utf8mb4_unicode_ci NOT NULL,
  `user_id` bigint unsigned NOT NULL,
  `client_id` bigint unsigned NOT NULL,
  `scopes` text CHARACTER SET utf8mb4 COLLATE utf8mb4_unicode_ci,
  `revoked` tinyint(1) NOT NULL,
  `expires_at` datetime DEFAULT NULL,
  PRIMARY KEY (`id`),
  KEY `oauth_auth_codes_user_id_index` (`user_id`)
) ENGINE=InnoDB DEFAULT CHARSET=utf8mb4 COLLATE=utf8mb4_unicode_ci;
/*!40101 SET character_set_client = @saved_cs_client */;

--
-- Dumping data for table `oauth_auth_codes`
--

LOCK TABLES `oauth_auth_codes` WRITE;
/*!40000 ALTER TABLE `oauth_auth_codes` DISABLE KEYS */;
/*!40000 ALTER TABLE `oauth_auth_codes` ENABLE KEYS */;
UNLOCK TABLES;

--
-- Table structure for table `oauth_clients`
--

DROP TABLE IF EXISTS `oauth_clients`;
/*!40101 SET @saved_cs_client     = @@character_set_client */;
/*!50503 SET character_set_client = utf8mb4 */;
CREATE TABLE `oauth_clients` (
  `id` bigint unsigned NOT NULL AUTO_INCREMENT,
  `user_id` bigint unsigned DEFAULT NULL,
  `name` varchar(191) CHARACTER SET utf8mb4 COLLATE utf8mb4_unicode_ci NOT NULL,
  `secret` varchar(100) CHARACTER SET utf8mb4 COLLATE utf8mb4_unicode_ci DEFAULT NULL,
  `provider` varchar(191) CHARACTER SET utf8mb4 COLLATE utf8mb4_unicode_ci DEFAULT NULL,
  `redirect` text CHARACTER SET utf8mb4 COLLATE utf8mb4_unicode_ci NOT NULL,
  `personal_access_client` tinyint(1) NOT NULL,
  `password_client` tinyint(1) NOT NULL,
  `revoked` tinyint(1) NOT NULL,
  `created_at` timestamp NULL DEFAULT NULL,
  `updated_at` timestamp NULL DEFAULT NULL,
  PRIMARY KEY (`id`),
  KEY `oauth_clients_user_id_index` (`user_id`)
) ENGINE=InnoDB AUTO_INCREMENT=4 DEFAULT CHARSET=utf8mb4 COLLATE=utf8mb4_unicode_ci;
/*!40101 SET character_set_client = @saved_cs_client */;

--
-- Dumping data for table `oauth_clients`
--

LOCK TABLES `oauth_clients` WRITE;
/*!40000 ALTER TABLE `oauth_clients` DISABLE KEYS */;
INSERT INTO `oauth_clients` VALUES (1,NULL,'Laravel Personal Access Client','gmDaadIv1pUjAXQusey3wZp2kDIHruX752bL7FkS',NULL,'http://localhost',1,0,0,'2022-01-23 23:13:57','2022-01-23 23:13:57'),(2,NULL,'Laravel Password Grant Client','gK7lNcVtVHVNUtNPaeqU4z4Lm29A7seV7wXGncQC','users','http://localhost',0,1,0,'2022-01-23 23:13:57','2022-01-23 23:13:57'),(3,NULL,'pandora','iCqMOvof2CsHwxlJFqJx12vysfgcZgaQUYPRZW5z',NULL,'http://localhost',1,0,0,'2022-01-23 23:14:27','2022-01-23 23:14:27');
/*!40000 ALTER TABLE `oauth_clients` ENABLE KEYS */;
UNLOCK TABLES;

--
-- Table structure for table `oauth_personal_access_clients`
--

DROP TABLE IF EXISTS `oauth_personal_access_clients`;
/*!40101 SET @saved_cs_client     = @@character_set_client */;
/*!50503 SET character_set_client = utf8mb4 */;
CREATE TABLE `oauth_personal_access_clients` (
  `id` bigint unsigned NOT NULL AUTO_INCREMENT,
  `client_id` bigint unsigned NOT NULL,
  `created_at` timestamp NULL DEFAULT NULL,
  `updated_at` timestamp NULL DEFAULT NULL,
  PRIMARY KEY (`id`)
) ENGINE=InnoDB AUTO_INCREMENT=3 DEFAULT CHARSET=utf8mb4 COLLATE=utf8mb4_unicode_ci;
/*!40101 SET character_set_client = @saved_cs_client */;

--
-- Dumping data for table `oauth_personal_access_clients`
--

LOCK TABLES `oauth_personal_access_clients` WRITE;
/*!40000 ALTER TABLE `oauth_personal_access_clients` DISABLE KEYS */;
INSERT INTO `oauth_personal_access_clients` VALUES (1,1,'2022-01-23 23:13:57','2022-01-23 23:13:57'),(2,3,'2022-01-23 23:14:27','2022-01-23 23:14:27');
/*!40000 ALTER TABLE `oauth_personal_access_clients` ENABLE KEYS */;
UNLOCK TABLES;

--
-- Table structure for table `oauth_refresh_tokens`
--

DROP TABLE IF EXISTS `oauth_refresh_tokens`;
/*!40101 SET @saved_cs_client     = @@character_set_client */;
/*!50503 SET character_set_client = utf8mb4 */;
CREATE TABLE `oauth_refresh_tokens` (
  `id` varchar(100) CHARACTER SET utf8mb4 COLLATE utf8mb4_unicode_ci NOT NULL,
  `access_token_id` varchar(100) CHARACTER SET utf8mb4 COLLATE utf8mb4_unicode_ci NOT NULL,
  `revoked` tinyint(1) NOT NULL,
  `expires_at` datetime DEFAULT NULL,
  PRIMARY KEY (`id`),
  KEY `oauth_refresh_tokens_access_token_id_index` (`access_token_id`)
) ENGINE=InnoDB DEFAULT CHARSET=utf8mb4 COLLATE=utf8mb4_unicode_ci;
/*!40101 SET character_set_client = @saved_cs_client */;

--
-- Dumping data for table `oauth_refresh_tokens`
--

LOCK TABLES `oauth_refresh_tokens` WRITE;
/*!40000 ALTER TABLE `oauth_refresh_tokens` DISABLE KEYS */;
/*!40000 ALTER TABLE `oauth_refresh_tokens` ENABLE KEYS */;
UNLOCK TABLES;

--
-- Table structure for table `opcions`
--

DROP TABLE IF EXISTS `opcions`;
/*!40101 SET @saved_cs_client     = @@character_set_client */;
/*!50503 SET character_set_client = utf8mb4 */;
CREATE TABLE `opcions` (
  `id` bigint unsigned NOT NULL AUTO_INCREMENT,
  `enunciado` varchar(500) CHARACTER SET utf8mb4 COLLATE utf8mb4_unicode_ci NOT NULL,
  `correcto` tinyint(1) NOT NULL,
  `letra` varchar(191) CHARACTER SET utf8mb4 COLLATE utf8mb4_unicode_ci NOT NULL,
  `existe` tinyint(1) NOT NULL DEFAULT '1',
  `letraPregunta` varchar(191) CHARACTER SET utf8mb4 COLLATE utf8mb4_unicode_ci NOT NULL,
  `correctoPregunta` varchar(191) CHARACTER SET utf8mb4 COLLATE utf8mb4_unicode_ci NOT NULL,
  `pregunta_id` bigint unsigned DEFAULT NULL,
  `created_at` timestamp NULL DEFAULT NULL,
  `updated_at` timestamp NULL DEFAULT NULL,
  PRIMARY KEY (`id`),
  KEY `opcions_pregunta_id_foreign` (`pregunta_id`),
  CONSTRAINT `opcions_pregunta_id_foreign` FOREIGN KEY (`pregunta_id`) REFERENCES `preguntas` (`id`) ON DELETE SET NULL ON UPDATE CASCADE
) ENGINE=InnoDB AUTO_INCREMENT=271 DEFAULT CHARSET=utf8mb4 COLLATE=utf8mb4_unicode_ci;
/*!40101 SET character_set_client = @saved_cs_client */;

--
-- Dumping data for table `opcions`
--

LOCK TABLES `opcions` WRITE;
/*!40000 ALTER TABLE `opcions` DISABLE KEYS */;
INSERT INTO `opcions` VALUES (1,'Es un adjetivo',0,'B',1,'B-1','0-1',1,'2022-01-23 23:13:35','2022-01-24 16:21:21'),(2,'Es un sustantivo',0,'A',1,'A-1','-1',1,'2022-01-23 23:13:35','2022-01-24 16:22:37'),(3,'Es un pronombre',0,'D',1,'D-1','0-1',1,'2022-01-23 23:13:35','2022-01-24 16:22:30'),(4,'Es un verbo',1,'C',1,'C-1','1-1',1,'2022-01-23 23:13:35','2022-01-24 16:22:48'),(5,'Salió la e',0,'E',0,'E-1','0-1',1,'2022-01-24 00:26:20','2022-01-24 05:17:25'),(6,'Un Verbo',1,'A',1,'A-3','1-3',3,'2022-01-27 07:35:28','2022-01-27 07:35:28'),(7,'Un adjetivo',0,'C',1,'C-3','0-3',3,'2022-01-27 07:35:46','2022-01-27 07:35:46'),(8,'Un sustantivo',0,'D',1,'D-3','0-3',3,'2022-01-27 07:36:13','2022-01-27 07:36:13'),(9,'Un pronombre',0,'B',1,'B-3','0-3',3,'2022-01-27 07:36:37','2022-01-27 07:36:37'),(10,'Un verbo',0,'A',1,'A-4','0-4',4,'2022-01-27 09:03:34','2022-01-27 09:03:34'),(11,'Un sustantivo',0,'B',1,'B-4','0-4',4,'2022-01-27 09:03:50','2022-01-27 09:03:50'),(12,'Un adjetivo',1,'C',1,'C-4','1-4',4,'2022-01-27 09:04:09','2022-01-27 09:04:38'),(13,'Un pronombre',0,'D',1,'D-4','0-4',4,'2022-01-27 09:04:27','2022-01-27 09:04:27'),(14,'Yiyeimy tiene un carro caro',0,'A',1,'A-5','0-5',5,'2022-01-27 09:09:35','2022-01-27 09:09:35'),(15,'Frederick disfruta de las fresas dulces',0,'B',1,'B-5','0-5',5,'2022-01-27 09:10:00','2022-01-27 09:10:00'),(16,'Chiriley come pan seco porque no tiene dinero',0,'C',1,'C-5','0-5',5,'2022-01-27 09:10:44','2022-01-27 09:10:44'),(17,'Liderney estudia mucho todos los dias en su casa',1,'D',1,'D-5','1-5',5,'2022-01-27 09:11:08','2022-01-27 09:11:48'),(18,'perro, mesa, suelo',0,'A',1,'A-6','0-6',6,'2022-01-27 15:43:56','2022-01-27 15:45:53'),(19,'puerta, ventana, licuadora',0,'B',1,'B-6','0-6',6,'2022-01-27 15:44:30','2022-01-27 15:44:30'),(20,'correr, cantar, jugar',1,'C',1,'C-6','1-6',6,'2022-01-27 15:45:04','2022-01-27 15:45:04'),(21,'caja, tienda, armario',0,'D',1,'D-6','0-6',6,'2022-01-27 15:45:31','2022-01-27 15:45:31'),(22,'Verbos',1,'A',1,'A-7','1-7',7,'2022-01-27 15:52:18','2022-01-27 15:52:18'),(23,'Adjetivos',0,'B',1,'B-7','0-7',7,'2022-01-27 15:52:30','2022-01-27 15:52:30'),(24,'Sustantivos',0,'C',1,'C-7','0-7',7,'2022-01-27 15:52:46','2022-01-27 15:52:46'),(25,'Pronombres',0,'D',1,'D-7','0-7',7,'2022-01-27 15:53:05','2022-01-27 15:53:05'),(26,'un verbo, un adjetivo y un pronombre.',0,'A',1,'A-8','0-8',8,'2022-01-27 16:08:52','2022-01-27 16:08:52'),(27,'un adjetivo, un pronombre, un verbo',1,'B',1,'B-8','1-8',8,'2022-01-27 16:09:36','2022-01-27 16:11:10'),(28,'un pronombre, un verbo, un adjetivo',0,'C',1,'C-8','0-8',8,'2022-01-27 16:10:03','2022-01-27 16:10:03'),(29,'un adjetivo, un verbo, un pronombre',0,'D',1,'D-8','0-8',8,'2022-01-27 16:10:50','2022-01-27 16:10:50'),(30,'Prueba de respuesta',1,'A',1,'A-9','1-9',NULL,'2022-01-27 19:13:49','2022-01-27 20:04:06'),(31,'Un Verbo',1,'A',1,'A-31','1-31',NULL,'2022-01-27 22:47:05','2022-01-27 22:47:05'),(32,'Un adjetivo',0,'C',1,'C-31','0-31',NULL,'2022-01-27 22:47:05','2022-01-27 22:47:05'),(33,'Un sustantivo',0,'D',1,'D-31','0-31',NULL,'2022-01-27 22:47:05','2022-01-27 22:47:05'),(34,'Un pronombre',0,'B',1,'B-31','0-31',NULL,'2022-01-27 22:47:05','2022-01-27 22:47:05'),(35,'Un verbo',0,'A',1,'A-32','0-32',NULL,'2022-01-27 22:47:05','2022-01-27 22:47:05'),(36,'Un sustantivo',0,'B',1,'B-32','0-32',NULL,'2022-01-27 22:47:05','2022-01-27 22:47:05'),(37,'Un adjetivo',1,'C',1,'C-32','1-32',NULL,'2022-01-27 22:47:05','2022-01-27 22:47:05'),(38,'Un pronombre',0,'D',1,'D-32','0-32',NULL,'2022-01-27 22:47:05','2022-01-27 22:47:05'),(39,'Yiyeimy tiene un carro caro',0,'A',1,'A-33','0-33',NULL,'2022-01-27 22:47:05','2022-01-27 22:47:05'),(40,'Frederick disfruta de las fresas dulces',0,'B',1,'B-33','0-33',NULL,'2022-01-27 22:47:05','2022-01-27 22:47:05'),(41,'Chiriley come pan seco porque no tiene dinero',0,'C',1,'C-33','0-33',NULL,'2022-01-27 22:47:05','2022-01-27 22:47:05'),(42,'Liderney estudia mucho todos los dias en su casa',1,'D',1,'D-33','1-33',NULL,'2022-01-27 22:47:05','2022-01-27 22:47:05'),(43,'perro, mesa, suelo',0,'A',1,'A-34','0-34',NULL,'2022-01-27 22:47:05','2022-01-27 22:47:05'),(44,'puerta, ventana, licuadora',0,'B',1,'B-34','0-34',NULL,'2022-01-27 22:47:05','2022-01-27 22:47:05'),(45,'correr, cantar, jugar',1,'C',1,'C-34','1-34',NULL,'2022-01-27 22:47:05','2022-01-27 22:47:05'),(46,'caja, tienda, armario',0,'D',1,'D-34','0-34',NULL,'2022-01-27 22:47:05','2022-01-27 22:47:05'),(47,'Verbos',1,'A',1,'A-35','1-35',NULL,'2022-01-27 22:47:05','2022-01-27 22:47:05'),(48,'Adjetivos',0,'B',1,'B-35','0-35',NULL,'2022-01-27 22:47:05','2022-01-27 22:47:05'),(49,'Sustantivos',0,'C',1,'C-35','0-35',NULL,'2022-01-27 22:47:05','2022-01-27 22:47:05'),(50,'Pronombres',0,'D',1,'D-35','0-35',NULL,'2022-01-27 22:47:05','2022-01-27 22:47:05'),(51,'un verbo, un adjetivo y un pronombre.',0,'A',1,'A-36','0-36',NULL,'2022-01-27 22:47:05','2022-01-27 22:47:05'),(52,'un adjetivo, un pronombre, un verbo',1,'B',1,'B-36','1-36',NULL,'2022-01-27 22:47:05','2022-01-27 22:47:05'),(53,'un pronombre, un verbo, un adjetivo',0,'C',1,'C-36','0-36',NULL,'2022-01-27 22:47:05','2022-01-27 22:47:05'),(54,'un adjetivo, un verbo, un pronombre',0,'D',1,'D-36','0-36',NULL,'2022-01-27 22:47:05','2022-01-27 22:47:05'),(55,'Prueba de respuesta',1,'A',1,'A-37','1-37',NULL,'2022-01-27 22:47:05','2022-01-27 22:47:05'),(56,'Un Verbo',1,'A',1,'A-38','1-38',38,'2022-01-27 22:52:30','2022-01-27 22:52:30'),(57,'Un adjetivo',0,'C',1,'C-38','0-38',38,'2022-01-27 22:52:30','2022-01-27 22:52:30'),(58,'Un sustantivo',0,'D',1,'D-38','0-38',38,'2022-01-27 22:52:30','2022-01-27 22:52:30'),(59,'Un pronombre',0,'B',1,'B-38','0-38',38,'2022-01-27 22:52:30','2022-01-27 22:52:30'),(60,'Un verbo',0,'A',1,'A-39','0-39',39,'2022-01-27 22:52:30','2022-01-27 22:52:30'),(61,'Un sustantivo',0,'B',1,'B-39','0-39',39,'2022-01-27 22:52:30','2022-01-27 22:52:30'),(62,'Un adjetivo',1,'C',1,'C-39','1-39',39,'2022-01-27 22:52:30','2022-01-27 22:52:30'),(63,'Un pronombre',0,'D',1,'D-39','0-39',39,'2022-01-27 22:52:30','2022-01-27 22:52:30'),(64,'Yiyeimy tiene un carro caro',0,'A',1,'A-40','0-40',40,'2022-01-27 22:52:30','2022-01-27 22:52:30'),(65,'Frederick disfruta de las fresas dulces',0,'B',1,'B-40','0-40',40,'2022-01-27 22:52:30','2022-01-27 22:52:30'),(66,'Chiriley come pan seco porque no tiene dinero',0,'C',1,'C-40','0-40',40,'2022-01-27 22:52:31','2022-01-27 22:52:31'),(67,'Liderney estudia mucho todos los dias en su casa',1,'D',1,'D-40','1-40',40,'2022-01-27 22:52:31','2022-01-27 22:52:31'),(68,'perro, mesa, suelo',0,'A',1,'A-41','0-41',41,'2022-01-27 22:52:32','2022-01-27 22:52:32'),(69,'puerta, ventana, licuadora',0,'B',1,'B-41','0-41',41,'2022-01-27 22:52:32','2022-01-27 22:52:32'),(70,'correr, cantar, jugar',1,'C',1,'C-41','1-41',41,'2022-01-27 22:52:32','2022-01-27 22:52:32'),(71,'caja, tienda, armario',0,'D',1,'D-41','0-41',41,'2022-01-27 22:52:32','2022-01-27 22:52:32'),(72,'Verbos',1,'A',1,'A-42','1-42',42,'2022-01-27 22:52:32','2022-01-27 22:52:32'),(73,'Adjetivos',0,'B',1,'B-42','0-42',42,'2022-01-27 22:52:32','2022-01-27 22:52:32'),(74,'Sustantivos',0,'C',1,'C-42','0-42',42,'2022-01-27 22:52:32','2022-01-27 22:52:32'),(75,'Pronombres',0,'D',1,'D-42','0-42',42,'2022-01-27 22:52:32','2022-01-27 22:52:32'),(76,'un verbo, un adjetivo y un pronombre.',0,'A',1,'A-43','0-43',43,'2022-01-27 22:52:32','2022-01-27 22:52:32'),(77,'un adjetivo, un pronombre, un verbo',1,'B',1,'B-43','1-43',43,'2022-01-27 22:52:32','2022-01-27 22:52:32'),(78,'un pronombre, un verbo, un adjetivo',0,'C',1,'C-43','0-43',43,'2022-01-27 22:52:32','2022-01-27 22:52:32'),(79,'un adjetivo, un verbo, un pronombre',0,'D',1,'D-43','0-43',43,'2022-01-27 22:52:32','2022-01-27 22:52:32'),(80,'Prueba de respuesta',1,'A',1,'A-44','1-44',44,'2022-01-27 22:52:32','2022-01-27 22:52:32'),(81,'Un Verbo',1,'A',1,'A-45','1-45',45,'2022-01-28 02:37:19','2022-01-28 02:37:19'),(82,'Un adjetivo',0,'C',1,'C-45','0-45',45,'2022-01-28 02:37:19','2022-01-28 02:37:19'),(83,'Un sustantivo',0,'D',1,'D-45','0-45',45,'2022-01-28 02:37:19','2022-01-28 02:37:19'),(84,'Un pronombre',0,'B',1,'B-45','0-45',45,'2022-01-28 02:37:19','2022-01-28 02:37:19'),(85,'Un verbo',0,'A',1,'A-46','0-46',46,'2022-01-28 02:37:19','2022-01-28 02:37:19'),(86,'Un sustantivo',0,'B',1,'B-46','0-46',46,'2022-01-28 02:37:19','2022-01-28 02:37:19'),(87,'Un adjetivo',1,'C',1,'C-46','1-46',46,'2022-01-28 02:37:19','2022-01-28 02:37:19'),(88,'Un pronombre',0,'D',1,'D-46','0-46',46,'2022-01-28 02:37:19','2022-01-28 02:37:19'),(89,'Yiyeimy tiene un carro caro',0,'A',1,'A-47','0-47',47,'2022-01-28 02:37:19','2022-01-28 02:37:19'),(90,'Frederick disfruta de las fresas dulces',0,'B',1,'B-47','0-47',47,'2022-01-28 02:37:19','2022-01-28 02:37:19'),(91,'Chiriley come pan seco porque no tiene dinero',0,'C',1,'C-47','0-47',47,'2022-01-28 02:37:19','2022-01-28 02:37:19'),(92,'Liderney estudia mucho todos los dias en su casa',1,'D',1,'D-47','1-47',47,'2022-01-28 02:37:19','2022-01-28 02:37:19'),(93,'perro, mesa, suelo',0,'A',1,'A-48','0-48',48,'2022-01-28 02:37:19','2022-01-28 02:37:19'),(94,'puerta, ventana, licuadora',0,'B',1,'B-48','0-48',48,'2022-01-28 02:37:19','2022-01-28 02:37:19'),(95,'correr, cantar, jugar',1,'C',1,'C-48','1-48',48,'2022-01-28 02:37:19','2022-01-28 02:37:19'),(96,'caja, tienda, armario',0,'D',1,'D-48','0-48',48,'2022-01-28 02:37:19','2022-01-28 02:37:19'),(97,'Verbos',1,'A',1,'A-49','1-49',49,'2022-01-28 02:37:19','2022-01-28 02:37:19'),(98,'Adjetivos',0,'B',1,'B-49','0-49',49,'2022-01-28 02:37:19','2022-01-28 02:37:19'),(99,'Sustantivos',0,'C',1,'C-49','0-49',49,'2022-01-28 02:37:19','2022-01-28 02:37:19'),(100,'Pronombres',0,'D',1,'D-49','0-49',49,'2022-01-28 02:37:19','2022-01-28 02:37:19'),(101,'un verbo, un adjetivo y un pronombre.',0,'A',1,'A-50','0-50',50,'2022-01-28 02:37:19','2022-01-28 02:37:19'),(102,'un adjetivo, un pronombre, un verbo',1,'B',1,'B-50','1-50',50,'2022-01-28 02:37:19','2022-01-28 02:37:19'),(103,'un pronombre, un verbo, un adjetivo',0,'C',1,'C-50','0-50',50,'2022-01-28 02:37:19','2022-01-28 02:37:19'),(104,'un adjetivo, un verbo, un pronombre',0,'D',1,'D-50','0-50',50,'2022-01-28 02:37:19','2022-01-28 02:37:19'),(105,'El sustantivo \"caliente\"',0,'A',1,'A-51','0-51',51,'2022-01-28 02:37:20','2022-01-28 03:56:46'),(106,'El adjetivo \"aguada\"',0,'B',1,'B-51','0-51',51,'2022-01-28 03:55:35','2022-01-28 03:55:35'),(107,'El adjetivo \"caliente\"',1,'C',1,'C-51','1-51',51,'2022-01-28 03:56:36','2022-01-28 03:56:36'),(108,'El verbo \"aguada\"',0,'D',1,'D-51','0-51',51,'2022-01-28 03:57:14','2022-01-28 03:57:14'),(109,'grande',1,'A',1,'A-52','1-52',52,'2022-01-28 04:00:48','2022-01-28 04:00:48'),(110,'dormir',0,'B',1,'B-52','0-52',52,'2022-01-28 04:01:05','2022-01-28 04:01:05'),(111,'estornudar',0,'C',1,'C-52','0-52',52,'2022-01-28 04:01:22','2022-01-28 04:01:22'),(112,'golpear',0,'D',1,'D-52','0-52',52,'2022-01-28 04:01:46','2022-01-28 04:01:46'),(113,'cultiva, saladas, ella',0,'A',1,'A-53','0-53',53,'2022-01-28 04:12:13','2022-01-28 04:12:13'),(114,'come, buenas, él',1,'B',1,'B-53','1-53',53,'2022-01-28 04:12:35','2022-01-28 04:12:35'),(115,'come, altas, ellos',0,'C',1,'C-53','0-53',53,'2022-01-28 04:13:07','2022-01-28 04:13:07'),(116,'peina, bonitas, él',0,'D',1,'D-53','0-53',53,'2022-01-28 04:14:06','2022-01-28 04:14:06'),(117,'Verdadero',1,'V',1,'V-54','1-54',54,'2022-01-28 04:16:25','2022-01-28 04:16:25'),(118,'Falso',0,'F',1,'F-54','0-54',54,'2022-01-28 04:16:43','2022-01-28 04:16:43'),(119,'Brillar',0,'A',1,'A-55','0-55',55,'2022-01-28 04:30:54','2022-01-28 04:31:04'),(120,'Abrillantar',0,'B',1,'B-55','0-55',55,'2022-01-28 04:31:19','2022-01-28 04:31:19'),(121,'Brillante',1,'C',1,'C-55','1-55',55,'2022-01-28 04:31:32','2022-01-28 04:32:07'),(122,'Brillando',0,'D',1,'D-55','0-55',55,'2022-01-28 04:32:01','2022-01-28 04:32:01'),(123,'desinteresada',0,'A',1,'A-56','0-56',56,'2022-01-28 07:52:08','2022-01-28 07:52:08'),(124,'alarmada',0,'B',1,'B-56','0-56',56,'2022-01-28 07:52:34','2022-01-28 07:52:34'),(125,'deseosa',1,'C',1,'C-56','1-56',56,'2022-01-28 07:52:51','2022-01-28 07:53:21'),(126,'apática',0,'D',1,'D-56','0-56',56,'2022-01-28 07:53:14','2022-01-28 07:53:14'),(127,'tristes',1,'A',1,'A-57','1-57',57,'2022-01-28 07:56:19','2022-01-28 07:56:19'),(128,'Alegres',0,'B',1,'B-57','-57',57,'2022-01-28 07:56:35','2022-01-28 07:56:35'),(129,'felices',0,'C',1,'C-57','0-57',57,'2022-01-28 07:56:46','2022-01-28 07:56:46'),(130,'contentos',0,'D',1,'D-57','0-57',57,'2022-01-28 07:57:10','2022-01-28 07:57:10'),(131,'ley',0,'A',1,'A-58','0-58',58,'2022-01-28 08:01:41','2022-01-28 08:01:41'),(132,'resolución',1,'B',1,'B-58','1-58',58,'2022-01-28 08:02:46','2022-01-28 08:02:46'),(133,'verdecito',0,'C',1,'C-58','0-58',58,'2022-01-28 08:04:06','2022-01-28 08:04:53'),(134,'vereda',0,'D',1,'D-58','0-58',58,'2022-01-28 08:05:40','2022-01-28 08:05:40'),(135,'saludos',0,'A',1,'A-59','0-59',59,'2022-01-28 08:10:43','2022-01-28 08:10:43'),(136,'bendiciones',0,'B',1,'B-59','0-59',59,'2022-01-28 08:11:03','2022-01-28 08:11:03'),(137,'buenos deseos',0,'C',1,'C-59','0-59',59,'2022-01-28 08:11:36','2022-01-28 08:11:36'),(138,'insultos',1,'D',1,'D-59','1-59',59,'2022-01-28 08:11:49','2022-01-28 08:11:49'),(139,'narcisista o ególatra',1,'A',1,'A-60','1-60',60,'2022-01-28 08:22:43','2022-01-28 08:22:43'),(140,'gigante o de gran tamaño',0,'B',1,'B-60','0-60',60,'2022-01-28 08:23:17','2022-01-28 08:23:17'),(141,'temeroso o cobarde',0,'C',1,'C-60','0-60',60,'2022-01-28 08:23:49','2022-01-28 08:23:49'),(142,'tímido o introvertido',0,'D',1,'D-60','0-60',60,'2022-01-28 08:24:05','2022-01-28 08:24:05'),(143,'Un Verbo',1,'A',1,'A-61','1-61',61,'2022-01-28 08:28:53','2022-01-28 08:28:53'),(144,'Un adjetivo',0,'C',1,'C-61','0-61',61,'2022-01-28 08:28:53','2022-01-28 08:28:53'),(145,'Un sustantivo',0,'D',1,'D-61','0-61',61,'2022-01-28 08:28:53','2022-01-28 08:28:53'),(146,'Un pronombre',0,'B',1,'B-61','0-61',61,'2022-01-28 08:28:53','2022-01-28 08:28:53'),(147,'Un verbo',0,'A',1,'A-62','0-62',62,'2022-01-28 08:28:53','2022-01-28 08:28:53'),(148,'Un sustantivo',0,'B',1,'B-62','0-62',62,'2022-01-28 08:28:53','2022-01-28 08:28:53'),(149,'Un adjetivo',1,'C',1,'C-62','1-62',62,'2022-01-28 08:28:53','2022-01-28 08:28:53'),(150,'Un pronombre',0,'D',1,'D-62','0-62',62,'2022-01-28 08:28:53','2022-01-28 08:28:53'),(151,'Yiyeimy tiene un carro caro',0,'A',1,'A-63','0-63',63,'2022-01-28 08:28:53','2022-01-28 08:28:53'),(152,'Frederick disfruta de las fresas dulces',0,'B',1,'B-63','0-63',63,'2022-01-28 08:28:53','2022-01-28 08:28:53'),(153,'Chiriley come pan seco porque no tiene dinero',0,'C',1,'C-63','0-63',63,'2022-01-28 08:28:53','2022-01-28 08:28:53'),(154,'Liderney estudia mucho todos los dias en su casa',1,'D',1,'D-63','1-63',63,'2022-01-28 08:28:53','2022-01-28 08:28:53'),(155,'perro, mesa, suelo',0,'A',1,'A-64','0-64',64,'2022-01-28 08:28:53','2022-01-28 08:28:53'),(156,'puerta, ventana, licuadora',0,'B',1,'B-64','0-64',64,'2022-01-28 08:28:53','2022-01-28 08:28:53'),(157,'correr, cantar, jugar',1,'C',1,'C-64','1-64',64,'2022-01-28 08:28:53','2022-01-28 08:28:53'),(158,'caja, tienda, armario',0,'D',1,'D-64','0-64',64,'2022-01-28 08:28:53','2022-01-28 08:28:53'),(159,'Verbos',1,'A',1,'A-65','1-65',65,'2022-01-28 08:28:53','2022-01-28 08:28:53'),(160,'Adjetivos',0,'B',1,'B-65','0-65',65,'2022-01-28 08:28:53','2022-01-28 08:28:53'),(161,'Sustantivos',0,'C',1,'C-65','0-65',65,'2022-01-28 08:28:53','2022-01-28 08:28:53'),(162,'Pronombres',0,'D',1,'D-65','0-65',65,'2022-01-28 08:28:53','2022-01-28 08:28:53'),(163,'un verbo, un adjetivo y un pronombre.',0,'A',1,'A-66','0-66',66,'2022-01-28 08:28:53','2022-01-28 08:28:53'),(164,'un adjetivo, un pronombre, un verbo',1,'B',1,'B-66','1-66',66,'2022-01-28 08:28:54','2022-01-28 08:28:54'),(165,'un pronombre, un verbo, un adjetivo',0,'C',1,'C-66','0-66',66,'2022-01-28 08:28:54','2022-01-28 08:28:54'),(166,'un adjetivo, un verbo, un pronombre',0,'D',1,'D-66','0-66',66,'2022-01-28 08:28:54','2022-01-28 08:28:54'),(167,'El sustantivo \"caliente\"',0,'A',1,'A-67','0-67',67,'2022-01-28 08:28:54','2022-01-28 08:28:54'),(168,'El adjetivo \"aguada\"',0,'B',1,'B-67','0-67',67,'2022-01-28 08:28:54','2022-01-28 08:28:54'),(169,'El adjetivo \"caliente\"',1,'C',1,'C-67','1-67',67,'2022-01-28 08:28:54','2022-01-28 08:28:54'),(170,'El verbo \"aguada\"',0,'D',1,'D-67','0-67',67,'2022-01-28 08:28:54','2022-01-28 08:28:54'),(171,'grande',1,'A',1,'A-68','1-68',68,'2022-01-28 08:28:54','2022-01-28 08:28:54'),(172,'dormir',0,'B',1,'B-68','0-68',68,'2022-01-28 08:28:54','2022-01-28 08:28:54'),(173,'estornudar',0,'C',1,'C-68','0-68',68,'2022-01-28 08:28:54','2022-01-28 08:28:54'),(174,'golpear',0,'D',1,'D-68','0-68',68,'2022-01-28 08:28:54','2022-01-28 08:28:54'),(175,'cultiva, saladas, ella',0,'A',1,'A-69','0-69',69,'2022-01-28 08:28:54','2022-01-28 08:28:54'),(176,'come, buenas, él',1,'B',1,'B-69','1-69',69,'2022-01-28 08:28:54','2022-01-28 08:28:54'),(177,'come, altas, ellos',0,'C',1,'C-69','0-69',69,'2022-01-28 08:28:54','2022-01-28 08:28:54'),(178,'peina, bonitas, él',0,'D',1,'D-69','0-69',69,'2022-01-28 08:28:54','2022-01-28 08:28:54'),(179,'Verdadero',1,'V',1,'V-70','1-70',70,'2022-01-28 08:28:54','2022-01-28 08:28:54'),(180,'Falso',0,'F',1,'F-70','0-70',70,'2022-01-28 08:28:54','2022-01-28 08:28:54'),(181,'Brillar',0,'A',1,'A-71','0-71',71,'2022-01-28 08:28:54','2022-01-28 08:28:54'),(182,'Abrillantar',0,'B',1,'B-71','0-71',71,'2022-01-28 08:28:54','2022-01-28 08:28:54'),(183,'Brillante',1,'C',1,'C-71','1-71',71,'2022-01-28 08:28:54','2022-01-28 08:28:54'),(184,'Brillando',0,'D',1,'D-71','0-71',71,'2022-01-28 08:28:54','2022-01-28 08:28:54'),(185,'desinteresada',0,'A',1,'A-72','0-72',72,'2022-01-28 08:28:54','2022-01-28 08:28:54'),(186,'alarmada',0,'B',1,'B-72','0-72',72,'2022-01-28 08:28:54','2022-01-28 08:28:54'),(187,'deseosa',1,'C',1,'C-72','1-72',72,'2022-01-28 08:28:54','2022-01-28 08:28:54'),(188,'apática',0,'D',1,'D-72','0-72',72,'2022-01-28 08:28:54','2022-01-28 08:28:54'),(189,'tristes',1,'A',1,'A-73','1-73',73,'2022-01-28 08:28:54','2022-01-28 08:28:54'),(190,'Alegres',0,'B',1,'B-73','0-73',73,'2022-01-28 08:28:54','2022-01-28 08:28:54'),(191,'felices',0,'C',1,'C-73','0-73',73,'2022-01-28 08:28:54','2022-01-28 08:28:54'),(192,'contentos',0,'D',1,'D-73','0-73',73,'2022-01-28 08:28:54','2022-01-28 08:28:54'),(193,'ley',0,'A',1,'A-74','0-74',74,'2022-01-28 08:28:54','2022-01-28 08:28:54'),(194,'resolución',1,'B',1,'B-74','1-74',74,'2022-01-28 08:28:54','2022-01-28 08:28:54'),(195,'verdecito',0,'C',1,'C-74','0-74',74,'2022-01-28 08:28:54','2022-01-28 08:28:54'),(196,'vereda',0,'D',1,'D-74','0-74',74,'2022-01-28 08:28:54','2022-01-28 08:28:54'),(197,'saludos',0,'A',1,'A-75','0-75',75,'2022-01-28 08:28:54','2022-01-28 08:28:54'),(198,'bendiciones',0,'B',1,'B-75','0-75',75,'2022-01-28 08:28:54','2022-01-28 08:28:54'),(199,'buenos deseos',0,'C',1,'C-75','0-75',75,'2022-01-28 08:28:54','2022-01-28 08:28:54'),(200,'insultos',1,'D',1,'D-75','1-75',75,'2022-01-28 08:28:54','2022-01-28 08:28:54'),(201,'narcisista o ególatra',1,'A',1,'A-76','1-76',76,'2022-01-28 08:28:54','2022-01-28 08:28:54'),(202,'gigante o de gran tamaño',0,'B',1,'B-76','0-76',76,'2022-01-28 08:28:54','2022-01-28 08:28:54'),(203,'temeroso o cobarde',0,'C',1,'C-76','0-76',76,'2022-01-28 08:28:54','2022-01-28 08:28:54'),(204,'tímido o introvertido',0,'D',1,'D-76','0-76',76,'2022-01-28 08:28:54','2022-01-28 08:28:54'),(205,'Un Verbo',1,'A',1,'A-77','1-77',77,'2022-01-28 08:38:24','2022-01-28 08:38:24'),(206,'Un adjetivo',0,'C',1,'C-77','0-77',77,'2022-01-28 08:38:24','2022-01-28 08:38:24'),(207,'Un sustantivo',0,'D',1,'D-77','0-77',77,'2022-01-28 08:38:24','2022-01-28 08:38:24'),(208,'Un pronombre',0,'B',1,'B-77','0-77',77,'2022-01-28 08:38:24','2022-01-28 08:38:24'),(209,'Un verbo',0,'A',1,'A-78','0-78',78,'2022-01-28 08:38:24','2022-01-28 08:38:24'),(210,'Un sustantivo',0,'B',1,'B-78','0-78',78,'2022-01-28 08:38:24','2022-01-28 08:38:24'),(211,'Un adjetivo',1,'C',1,'C-78','1-78',78,'2022-01-28 08:38:24','2022-01-28 08:38:24'),(212,'Un pronombre',0,'D',1,'D-78','0-78',78,'2022-01-28 08:38:24','2022-01-28 08:38:24'),(213,'Yiyeimy tiene un carro caro',0,'A',1,'A-79','0-79',79,'2022-01-28 08:38:48','2022-01-28 08:38:48'),(214,'Frederick disfruta de las fresas dulces',0,'B',1,'B-79','0-79',79,'2022-01-28 08:38:48','2022-01-28 08:38:48'),(215,'Chiriley come pan seco porque no tiene dinero',0,'C',1,'C-79','0-79',79,'2022-01-28 08:38:48','2022-01-28 08:38:48'),(216,'Liderney estudia mucho todos los dias en su casa',1,'D',1,'D-79','1-79',79,'2022-01-28 08:38:48','2022-01-28 08:38:48'),(217,'perro, mesa, suelo',0,'A',1,'A-80','0-80',80,'2022-01-28 08:38:48','2022-01-28 08:38:48'),(218,'puerta, ventana, licuadora',0,'B',1,'B-80','0-80',80,'2022-01-28 08:38:48','2022-01-28 08:38:48'),(219,'correr, cantar, jugar',1,'C',1,'C-80','1-80',80,'2022-01-28 08:38:48','2022-01-28 08:38:48'),(220,'caja, tienda, armario',0,'D',1,'D-80','0-80',80,'2022-01-28 08:38:48','2022-01-28 08:38:48'),(221,'Verbos',1,'A',1,'A-81','1-81',81,'2022-01-28 08:38:48','2022-01-28 08:38:48'),(222,'Adjetivos',0,'B',1,'B-81','0-81',81,'2022-01-28 08:38:48','2022-01-28 08:38:48'),(223,'Sustantivos',0,'C',1,'C-81','0-81',81,'2022-01-28 08:38:48','2022-01-28 08:38:48'),(224,'Pronombres',0,'D',1,'D-81','0-81',81,'2022-01-28 08:38:48','2022-01-28 08:38:48'),(225,'un verbo, un adjetivo y un pronombre.',0,'A',1,'A-82','0-82',82,'2022-01-28 08:38:48','2022-01-28 08:38:48'),(226,'un adjetivo, un pronombre, un verbo',1,'B',1,'B-82','1-82',82,'2022-01-28 08:38:48','2022-01-28 08:38:48'),(227,'un pronombre, un verbo, un adjetivo',0,'C',1,'C-82','0-82',82,'2022-01-28 08:38:48','2022-01-28 08:38:48'),(228,'un adjetivo, un verbo, un pronombre',0,'D',1,'D-82','0-82',82,'2022-01-28 08:38:48','2022-01-28 08:38:48'),(229,'El sustantivo \"caliente\"',0,'A',1,'A-83','0-83',83,'2022-01-28 08:38:48','2022-01-28 08:38:48'),(230,'El adjetivo \"aguada\"',0,'B',1,'B-83','0-83',83,'2022-01-28 08:38:48','2022-01-28 08:38:48'),(231,'El adjetivo \"caliente\"',1,'C',1,'C-83','1-83',83,'2022-01-28 08:38:48','2022-01-28 08:38:48'),(232,'El verbo \"aguada\"',0,'D',1,'D-83','0-83',83,'2022-01-28 08:38:48','2022-01-28 08:38:48'),(233,'grande',1,'A',1,'A-84','1-84',84,'2022-01-28 08:38:48','2022-01-28 08:38:48'),(234,'dormir',0,'B',1,'B-84','0-84',84,'2022-01-28 08:38:48','2022-01-28 08:38:48'),(235,'estornudar',0,'C',1,'C-84','0-84',84,'2022-01-28 08:38:48','2022-01-28 08:38:48'),(236,'golpear',0,'D',1,'D-84','0-84',84,'2022-01-28 08:38:48','2022-01-28 08:38:48'),(237,'cultiva, saladas, ella',0,'A',1,'A-85','0-85',85,'2022-01-28 08:38:48','2022-01-28 08:38:48'),(238,'come, buenas, él',1,'B',1,'B-85','1-85',85,'2022-01-28 08:38:48','2022-01-28 08:38:48'),(239,'come, altas, ellos',0,'C',1,'C-85','0-85',85,'2022-01-28 08:38:48','2022-01-28 08:38:48'),(240,'peina, bonitas, él',0,'D',1,'D-85','0-85',85,'2022-01-28 08:38:48','2022-01-28 08:38:48'),(241,'Verdadero',1,'V',1,'V-86','1-86',86,'2022-01-28 08:38:48','2022-01-28 08:38:48'),(242,'Falso',0,'F',1,'F-86','0-86',86,'2022-01-28 08:38:48','2022-01-28 08:38:48'),(243,'Brillar',0,'A',1,'A-87','0-87',87,'2022-01-28 08:38:48','2022-01-28 08:38:48'),(244,'Abrillantar',0,'B',1,'B-87','0-87',87,'2022-01-28 08:38:48','2022-01-28 08:38:48'),(245,'Brillante',1,'C',1,'C-87','1-87',87,'2022-01-28 08:38:48','2022-01-28 08:38:48'),(246,'Brillando',0,'D',1,'D-87','0-87',87,'2022-01-28 08:38:48','2022-01-28 08:38:48'),(247,'desinteresada',0,'A',1,'A-88','0-88',88,'2022-01-28 08:38:48','2022-01-28 08:38:48'),(248,'alarmada',0,'B',1,'B-88','0-88',88,'2022-01-28 08:38:48','2022-01-28 08:38:48'),(249,'deseosa',1,'C',1,'C-88','1-88',88,'2022-01-28 08:38:48','2022-01-28 08:38:48'),(250,'apática',0,'D',1,'D-88','0-88',88,'2022-01-28 08:38:48','2022-01-28 08:38:48'),(251,'tristes',1,'A',1,'A-89','1-89',89,'2022-01-28 08:38:48','2022-01-28 08:38:48'),(252,'Alegres',0,'B',1,'B-89','0-89',89,'2022-01-28 08:38:48','2022-01-28 08:38:48'),(253,'felices',0,'C',1,'C-89','0-89',89,'2022-01-28 08:38:48','2022-01-28 08:38:48'),(254,'contentos',0,'D',1,'D-89','0-89',89,'2022-01-28 08:38:48','2022-01-28 08:38:48'),(255,'ley',0,'A',1,'A-90','0-90',90,'2022-01-28 08:38:48','2022-01-28 08:38:48'),(256,'resolución',1,'B',1,'B-90','1-90',90,'2022-01-28 08:38:48','2022-01-28 08:38:48'),(257,'verdecito',0,'C',1,'C-90','0-90',90,'2022-01-28 08:38:48','2022-01-28 08:38:48'),(258,'vereda',0,'D',1,'D-90','0-90',90,'2022-01-28 08:38:48','2022-01-28 08:38:48'),(259,'saludos',0,'A',1,'A-91','0-91',91,'2022-01-28 08:38:48','2022-01-28 08:38:48'),(260,'bendiciones',0,'B',1,'B-91','0-91',91,'2022-01-28 08:38:48','2022-01-28 08:38:48'),(261,'buenos deseos',0,'C',1,'C-91','0-91',91,'2022-01-28 08:38:48','2022-01-28 08:38:48'),(262,'insultos',1,'D',1,'D-91','1-91',91,'2022-01-28 08:38:48','2022-01-28 08:38:48'),(263,'narcisista o ególatra',1,'A',1,'A-92','1-92',92,'2022-01-28 08:38:48','2022-01-28 08:38:48'),(264,'gigante o de gran tamaño',0,'B',1,'B-92','0-92',92,'2022-01-28 08:38:48','2022-01-28 08:38:48'),(265,'temeroso o cobarde',0,'C',1,'C-92','0-92',92,'2022-01-28 08:38:48','2022-01-28 08:38:48'),(266,'tímido o introvertido',0,'D',1,'D-92','0-92',92,'2022-01-28 08:38:48','2022-01-28 08:38:48'),(267,'Falso',0,'f',1,'f-93','0-93',93,'2022-01-28 17:16:32','2022-01-28 17:17:05'),(268,'Verdadero',1,'v',1,'v-93','1-93',93,'2022-01-28 17:16:44','2022-01-28 17:16:57'),(269,'Verdadero',0,'v',1,'v-94','0-94',94,'2022-01-28 17:19:34','2022-01-28 17:19:34'),(270,'Falso',1,'f',1,'f-94','1-94',94,'2022-01-28 17:19:44','2022-01-28 17:19:44');
/*!40000 ALTER TABLE `opcions` ENABLE KEYS */;
UNLOCK TABLES;

--
-- Table structure for table `password_resets`
--

DROP TABLE IF EXISTS `password_resets`;
/*!40101 SET @saved_cs_client     = @@character_set_client */;
/*!50503 SET character_set_client = utf8mb4 */;
CREATE TABLE `password_resets` (
  `email` varchar(191) CHARACTER SET utf8mb4 COLLATE utf8mb4_unicode_ci NOT NULL,
  `token` varchar(191) CHARACTER SET utf8mb4 COLLATE utf8mb4_unicode_ci NOT NULL,
  `created_at` timestamp NULL DEFAULT NULL,
  KEY `password_resets_email_index` (`email`)
) ENGINE=InnoDB DEFAULT CHARSET=utf8mb4 COLLATE=utf8mb4_unicode_ci;
/*!40101 SET character_set_client = @saved_cs_client */;

--
-- Dumping data for table `password_resets`
--

LOCK TABLES `password_resets` WRITE;
/*!40000 ALTER TABLE `password_resets` DISABLE KEYS */;
/*!40000 ALTER TABLE `password_resets` ENABLE KEYS */;
UNLOCK TABLES;

--
-- Table structure for table `preguntas`
--

DROP TABLE IF EXISTS `preguntas`;
/*!40101 SET @saved_cs_client     = @@character_set_client */;
/*!50503 SET character_set_client = utf8mb4 */;
CREATE TABLE `preguntas` (
  `id` bigint unsigned NOT NULL AUTO_INCREMENT,
  `titulo` varchar(191) CHARACTER SET utf8mb4 COLLATE utf8mb4_unicode_ci NOT NULL DEFAULT 'titulo de pregunta',
  `photo` varchar(191) CHARACTER SET utf8mb4 COLLATE utf8mb4_unicode_ci DEFAULT NULL,
  `enunciado` longtext CHARACTER SET utf8mb4 COLLATE utf8mb4_unicode_ci NOT NULL,
  `cuestionario_id` bigint unsigned DEFAULT NULL,
  `valor` int NOT NULL,
  `existe` tinyint(1) NOT NULL DEFAULT '1',
  `visible` tinyint(1) NOT NULL,
  `disponible` tinyint(1) NOT NULL,
  `created_at` timestamp NULL DEFAULT NULL,
  `updated_at` timestamp NULL DEFAULT NULL,
  PRIMARY KEY (`id`),
  KEY `preguntas_cuestionario_id_foreign` (`cuestionario_id`),
  CONSTRAINT `preguntas_cuestionario_id_foreign` FOREIGN KEY (`cuestionario_id`) REFERENCES `cuestionarios` (`id`) ON DELETE SET NULL ON UPDATE CASCADE
) ENGINE=InnoDB AUTO_INCREMENT=95 DEFAULT CHARSET=utf8mb4 COLLATE=utf8mb4_unicode_ci;
/*!40101 SET character_set_client = @saved_cs_client */;

--
-- Dumping data for table `preguntas`
--

LOCK TABLES `preguntas` WRITE;
/*!40000 ALTER TABLE `preguntas` DISABLE KEYS */;
INSERT INTO `preguntas` VALUES (1,'Identifica el tipo de palabra',NULL,'<p>Analiza la siguiente oración y dime qué tipo de palabra es la que está subrayada.</p><p></p><p><strong>A Diego le gusta <u>jugar</u> en el parque.</strong></p>',1,5,1,1,0,'2022-01-23 23:13:35','2022-01-25 06:38:15'),(2,'titulo de pregunta','','Hola mundo 2',1,5,1,1,0,'2022-01-23 23:13:35',NULL),(3,'Primera Pregunta',NULL,'<p>Lee la siguiente oración</p><p></p><p><strong>A juanita le <u>robaron </u>el bolso en la calle</strong></p><p></p><p>La palabra subrayada es:</p>',5,5,1,1,0,'2022-01-27 07:35:02','2022-01-27 09:08:38'),(4,'Segunda Pregunta',NULL,'<p>A Ernesto le gustan las chicas _______ porque le da pena salir con alguien más alto que él.</p><p>En el espacio en blanco debería ir:</p>',5,5,1,1,0,'2022-01-27 09:03:08','2022-01-27 17:45:32'),(5,'Tercera pregunta',NULL,'<p>De las siguientes oraciones una <strong>no</strong> tiene adjetivos</p>',5,8,1,1,0,'2022-01-27 09:06:52','2022-01-27 17:50:19'),(6,'Cuarta Pregunta',NULL,'<p>Analice las 4 listas de palabras, observe qué tienen en común y cuál está fuera de lugar. Es decir identifique la respuesta que no corresponde</p>',5,8,1,1,0,'2022-01-27 15:43:25','2022-01-27 17:52:17'),(7,'Quinta Pregunta',NULL,'<p>Miedo al <strong>ver</strong> a Bruno <strong>balbuceando</strong> y <strong>tropezando</strong></p><p>Siempre lo recuerdo <strong>murmurando</strong> y <strong>farfullando</strong></p><p>Su sonido es como la arena al <strong>resbalar. 🎶🎶</strong></p><p></p><p>Las palabras resaltadas son:</p>',5,5,1,1,0,'2022-01-27 15:51:58','2022-01-27 17:56:08'),(8,'Sexta pregunta','fotografias/1643281644.jpg','<p>En la frase</p><p><strong>Dolores es muy <u>chismosa</u>, <u>ella</u> <u>escucha</u> hasta el sonido de una aguja.</strong></p><p>Las palabras subrayadas son:</p>',5,7,1,1,0,'2022-01-27 16:07:24','2022-01-27 17:58:31'),(38,'Primera Pregunta',NULL,'<p>Lee la siguiente oración</p><p></p><p><strong>A juanita le <u>robaron </u>el bolso en la calle</strong></p><p></p><p>La palabra subrayada es:</p>',2,5,1,1,0,'2022-01-27 22:52:30','2022-01-27 22:52:30'),(39,'Segunda Pregunta',NULL,'<p>A Ernesto le gustan las chicas _______ porque le da pena salir con alguien más alto que él.</p><p>En el espacio en blanco debería ir:</p>',2,5,1,1,0,'2022-01-27 22:52:30','2022-01-27 22:52:30'),(40,'Tercera pregunta',NULL,'<p>De las siguientes oraciones una <strong>no</strong> tiene adjetivos</p>',2,8,1,1,0,'2022-01-27 22:52:30','2022-01-27 22:52:30'),(41,'Cuarta Pregunta',NULL,'<p>Analice las 4 listas de palabras, observe qué tienen en común y cuál está fuera de lugar. Es decir identifique la respuesta que no corresponde</p>',2,8,1,1,0,'2022-01-27 22:52:32','2022-01-27 22:52:32'),(42,'Quinta Pregunta',NULL,'<p>Miedo al <strong>ver</strong> a Bruno <strong>balbuceando</strong> y <strong>tropezando</strong></p><p>Siempre lo recuerdo <strong>murmurando</strong> y <strong>farfullando</strong></p><p>Su sonido es como la arena al <strong>resbalar. 🎶🎶</strong></p><p></p><p>Las palabras resaltadas son:</p>',2,5,1,1,0,'2022-01-27 22:52:32','2022-01-27 22:52:32'),(43,'Sexta pregunta',NULL,'<p>En la frase</p><p><strong>Dolores es muy <u>chismosa</u>, <u>ella</u> <u>escucha</u> hasta el sonido de una aguja.</strong></p><p>Las palabras subrayadas son:</p>',2,7,1,1,0,'2022-01-27 22:52:32','2022-01-27 22:52:32'),(44,'Séptima pregunta',NULL,'<h6><strong>Borrador de pregunta</strong></h6>',2,6,1,1,1,'2022-01-27 22:52:32','2022-01-27 22:52:32'),(45,'Primera Pregunta',NULL,'<p>Lee la siguiente oración</p><p></p><p><strong>A juanita le <u>robaron </u>el bolso en la calle</strong></p><p></p><p>La palabra subrayada es:</p>',3,5,1,1,1,'2022-01-28 02:37:19','2022-01-28 18:22:38'),(46,'Segunda Pregunta',NULL,'<p>A Ernesto le gustan las chicas _______ porque le da pena salir con alguien más alto que él.</p><p>En el espacio en blanco debería ir:</p>',3,5,1,1,1,'2022-01-28 02:37:19','2022-01-28 18:24:55'),(47,'Tercera pregunta',NULL,'<p>De las siguientes oraciones una <strong>no</strong> tiene adjetivos</p>',3,8,1,1,1,'2022-01-28 02:37:19','2022-01-28 18:26:43'),(48,'Cuarta Pregunta',NULL,'<p>Analice las 4 listas de palabras, observe qué tienen en común y cuál está fuera de lugar. Es decir identifique la respuesta que no corresponde</p>',3,8,1,1,1,'2022-01-28 02:37:19','2022-01-28 18:30:21'),(49,'Quinta Pregunta',NULL,'<p>Miedo al <strong>ver</strong> a Bruno <strong>balbuceando</strong> y <strong>tropezando</strong></p><p>Siempre lo recuerdo <strong>murmurando</strong> y <strong>farfullando</strong></p><p>Su sonido es como la arena al <strong>resbalar. 🎶🎶</strong></p><p></p><p>Las palabras resaltadas son:</p>',3,5,1,1,1,'2022-01-28 02:37:19','2022-01-28 18:32:04'),(50,'Sexta pregunta','fotografias/1643323793.jpg','<p>En la frase</p><p><strong>Dolores es muy <u>chismosa</u>, <u>ella</u> <u>escucha</u> hasta el sonido de una aguja.</strong></p><p>Las palabras subrayadas son:</p>',3,7,1,1,1,'2022-01-28 02:37:19','2022-01-28 18:35:17'),(51,'Séptima pregunta',NULL,'<p>A Diego no le gusta la sopa muy _________ porque le quema la lengua.</p><p></p><p>La palabra que falta según el contexto es:</p>',3,6,1,1,1,'2022-01-28 02:37:19','2022-01-28 18:37:43'),(52,'Octava pregunta',NULL,'<p>Observe las opciones e identifique la que no pertenece</p><p></p>',3,5,1,1,1,'2022-01-28 03:45:45','2022-01-28 18:39:22'),(53,'Novena pregunta',NULL,'<p>Eduardo _______ manzanas verdes en el desayuno, dice que son muy _______ para la salud. La verdad es que lo que ____ dice me parece mentira porque siempre lo veo enfermo.</p><p></p><p>Las palabras que completan la oración son:</p>',3,6,1,1,1,'2022-01-28 04:11:50','2022-01-28 18:41:40'),(54,'Décima pregunta',NULL,'<p>Para describir a una persona, tenemos que usar adjetivos.</p>',3,4,1,1,1,'2022-01-28 04:16:06','2022-01-28 18:42:43'),(55,'Undécima pregunta',NULL,'<p>Una de las siguientes palabras no es un verbo</p>',3,6,1,1,1,'2022-01-28 04:30:33','2022-01-28 18:43:55'),(56,'Duodécima pregunta',NULL,'<p>Ella no podía quedarse con ese chisme sin resolver, estaba <strong>ávida</strong> de saber.</p><p>La palabra resaltada puede ser sustituida por:</p><p></p>',3,5,1,1,1,'2022-01-28 07:51:30','2022-01-28 18:45:43'),(57,'Decimotercera pregunta',NULL,'<p>Ellos la esperaron con gran ansia, <strong>gozosos</strong> de verla de nuevo en la familia.</p><p></p><p>Una palabra que no serviría para reemplazar la palabra resaltada sería:</p>',3,5,1,1,1,'2022-01-28 07:55:40','2022-01-28 18:47:03'),(58,'Decimo cuarta pregunta',NULL,'<p>Luego de haberse reunido todos, la asamblea llegó a un <strong>veredicto</strong>.</p><p>Una palabra que podría usarse para reemplazar la palabra resaltada sería:</p>',3,5,1,1,1,'2022-01-28 08:00:57','2022-01-28 18:49:36'),(59,'Decimoquinta pregunta','fotografias/1643339418.jpg','<p>Según el contexto de la última viñeta, el autor nos hace ver que el turista ha recibido:</p>',3,8,1,0,0,'2022-01-28 08:10:18','2022-01-28 08:10:18'),(60,'Decimosexta pregunta','fotografias/1643340131.jpg','<p>Gracias a esta viñeta podríamos decir que el doctor es un personaje:</p>',3,6,1,0,0,'2022-01-28 08:22:11','2022-01-28 08:22:11'),(61,'Primera Pregunta',NULL,'<p>Lee la siguiente oración</p><p></p><p><strong>A juanita le <u>robaron </u>el bolso en la calle</strong></p><p></p><p>La palabra subrayada es:</p>',NULL,5,1,1,0,'2022-01-28 08:28:53','2022-01-28 08:28:53'),(62,'Segunda Pregunta',NULL,'<p>A Ernesto le gustan las chicas _______ porque le da pena salir con alguien más alto que él.</p><p>En el espacio en blanco debería ir:</p>',NULL,5,1,0,0,'2022-01-28 08:28:53','2022-01-28 08:28:53'),(63,'Tercera pregunta',NULL,'<p>De las siguientes oraciones una <strong>no</strong> tiene adjetivos</p>',NULL,8,1,0,0,'2022-01-28 08:28:53','2022-01-28 08:28:53'),(64,'Cuarta Pregunta',NULL,'<p>Analice las 4 listas de palabras, observe qué tienen en común y cuál está fuera de lugar. Es decir identifique la respuesta que no corresponde</p>',NULL,8,1,0,0,'2022-01-28 08:28:53','2022-01-28 08:28:53'),(65,'Quinta Pregunta',NULL,'<p>Miedo al <strong>ver</strong> a Bruno <strong>balbuceando</strong> y <strong>tropezando</strong></p><p>Siempre lo recuerdo <strong>murmurando</strong> y <strong>farfullando</strong></p><p>Su sonido es como la arena al <strong>resbalar. 🎶🎶</strong></p><p></p><p>Las palabras resaltadas son:</p>',NULL,5,1,0,0,'2022-01-28 08:28:53','2022-01-28 08:28:53'),(66,'Sexta pregunta',NULL,'<p>En la frase</p><p><strong>Dolores es muy <u>chismosa</u>, <u>ella</u> <u>escucha</u> hasta el sonido de una aguja.</strong></p><p>Las palabras subrayadas son:</p>',NULL,7,1,0,0,'2022-01-28 08:28:53','2022-01-28 08:28:53'),(67,'Séptima pregunta',NULL,'<p>A Diego no le gusta la sopa muy _________ porque le quema la lengua. </p><p></p><p>La palabra que falta según el contexto es: </p>',NULL,6,1,0,0,'2022-01-28 08:28:54','2022-01-28 08:28:54'),(68,'Octava pregunta',NULL,'<p>Observe las opciones e identifique la que no pertenece</p><p></p>',NULL,5,1,0,0,'2022-01-28 08:28:54','2022-01-28 08:28:54'),(69,'Novena pregunta',NULL,'<p>Eduardo _______ manzanas verdes en el desayuno, dice que son muy _______ para la salud. La verdad es que lo que ____ dice me parece mentira porque siempre lo veo enfermo.</p><p></p><p>Las palabras que completan la oración son:</p>',NULL,6,1,0,0,'2022-01-28 08:28:54','2022-01-28 08:28:54'),(70,'Décima pregunta',NULL,'<p>Para describir a una persona, tenemos que usar adjetivos. </p>',NULL,4,1,0,0,'2022-01-28 08:28:54','2022-01-28 08:28:54'),(71,'Undécima pregunta',NULL,'<p>Una de las siguientes palabras no es un verbo </p>',NULL,6,1,0,0,'2022-01-28 08:28:54','2022-01-28 08:28:54'),(72,'Duodécima pregunta',NULL,'<p>Ella no podía quedarse con ese chisme sin resolver, estaba <strong>ávida</strong> de saber. </p><p>La palabra resaltada puede ser sustituida por:</p><p></p>',NULL,5,1,0,0,'2022-01-28 08:28:54','2022-01-28 08:28:54'),(73,'Decimotercera pregunta',NULL,'<p>Ellos la esperaron con gran ansia, <strong>gozosos</strong> de verla de nuevo en la familia.</p><p></p><p>Una palabra que no serviría para reemplazar la palabra resaltada sería:</p>',NULL,5,1,0,0,'2022-01-28 08:28:54','2022-01-28 08:28:54'),(74,'Decimo cuarta pregunta',NULL,'<p>Luego de haberse reunido todos, la asamblea llegó a un <strong>veredicto</strong>.</p><p>Una palabra que podría usarse para reemplazar la palabra resaltada sería:</p>',NULL,5,1,0,0,'2022-01-28 08:28:54','2022-01-28 08:28:54'),(75,'Decimoquinta pregunta',NULL,'<p>Según el contexto de la última viñeta, el autor nos hace ver que el turista ha recibido:</p>',NULL,8,1,0,0,'2022-01-28 08:28:54','2022-01-28 08:28:54'),(76,'Decimosexta pregunta',NULL,'<p>Gracias a esta viñeta podríamos decir que el doctor es un personaje:</p>',NULL,6,1,0,0,'2022-01-28 08:28:54','2022-01-28 08:28:54'),(77,'Primera Pregunta',NULL,'<p>Lee la siguiente oración</p><p></p><p><strong>A juanita le <u>robaron </u>el bolso en la calle</strong></p><p></p><p>La palabra subrayada es:</p>',8,5,1,1,1,'2022-01-28 08:38:24','2022-01-28 20:23:23'),(78,'Segunda Pregunta',NULL,'<p>A Ernesto le gustan las chicas _______ porque le da pena salir con alguien más alto que él.</p><p>En el espacio en blanco debería ir:</p>',8,5,1,1,1,'2022-01-28 08:38:24','2022-01-28 20:25:13'),(79,'Tercera pregunta',NULL,'<p>De las siguientes oraciones una <strong>no</strong> tiene adjetivos</p>',8,8,1,1,1,'2022-01-28 08:38:48','2022-01-28 20:26:38'),(80,'Cuarta Pregunta',NULL,'<p>Analice las 4 listas de palabras, observe qué tienen en común y cuál está fuera de lugar. Es decir identifique la respuesta que no corresponde</p>',8,8,1,1,1,'2022-01-28 08:38:48','2022-01-28 20:28:26'),(81,'Quinta Pregunta',NULL,'<p>Miedo al <strong>ver</strong> a Bruno <strong>balbuceando</strong> y <strong>tropezando</strong></p><p>Siempre lo recuerdo <strong>murmurando</strong> y <strong>farfullando</strong></p><p>Su sonido es como la arena al <strong>resbalar. 🎶🎶</strong></p><p></p><p>Las palabras resaltadas son:</p>',8,5,1,1,1,'2022-01-28 08:38:48','2022-01-28 20:30:57'),(82,'Sexta pregunta','fotografias/1643323793.jpg','<p>En la frase</p><p><strong>Dolores es muy <u>chismosa</u>, <u>ella</u> <u>escucha</u> hasta el sonido de una aguja.</strong></p><p>Las palabras subrayadas son:</p>',8,7,1,1,1,'2022-01-28 08:38:48','2022-01-28 20:33:05'),(83,'Séptima pregunta',NULL,'<p>A Diego no le gusta la sopa muy _________ porque le quema la lengua.</p><p></p><p>La palabra que falta según el contexto es:</p>',8,6,1,1,1,'2022-01-28 08:38:48','2022-01-28 20:34:38'),(84,'Octava pregunta',NULL,'<p>Observe las opciones e identifique la que no pertenece</p><p></p>',8,5,1,1,1,'2022-01-28 08:38:48','2022-01-28 20:36:44'),(85,'Novena pregunta',NULL,'<p>Eduardo _______ manzanas verdes en el desayuno, dice que son muy _______ para la salud. La verdad es que lo que ____ dice me parece mentira porque siempre lo veo enfermo.</p><p></p><p>Las palabras que completan la oración son:</p>',8,6,1,1,1,'2022-01-28 08:38:48','2022-01-28 20:38:17'),(86,'Décima pregunta',NULL,'<p>Para describir a una persona, tenemos que usar adjetivos.</p>',8,4,1,1,1,'2022-01-28 08:38:48','2022-01-28 20:39:54'),(87,'Undécima pregunta',NULL,'<p>Una de las siguientes palabras no es un verbo</p>',8,6,1,1,1,'2022-01-28 08:38:48','2022-01-28 20:41:26'),(88,'Duodécima pregunta',NULL,'<p>Ella no podía quedarse con ese chisme sin resolver, estaba <strong>ávida</strong> de saber.</p><p>La palabra resaltada puede ser sustituida por:</p><p></p>',8,5,1,1,1,'2022-01-28 08:38:48','2022-01-28 20:44:00'),(89,'Decimotercera pregunta',NULL,'<p>Ellos la esperaron con gran ansia, <strong>gozosos</strong> de verla de nuevo en la familia.</p><p></p><p>Una palabra que no serviría para reemplazar la palabra resaltada sería:</p>',8,5,1,1,1,'2022-01-28 08:38:48','2022-01-28 20:45:33'),(90,'Decimo cuarta pregunta',NULL,'<p>Luego de haberse reunido todos, la asamblea llegó a un <strong>veredicto</strong>.</p><p>Una palabra que podría usarse para reemplazar la palabra resaltada sería:</p>',8,5,1,1,1,'2022-01-28 08:38:48','2022-01-28 20:47:39'),(91,'Decimoquinta pregunta','fotografias/1643339418.jpg','<p>Según el contexto de la última viñeta, el autor nos hace ver que el turista ha recibido:</p>',8,8,1,1,1,'2022-01-28 08:38:48','2022-01-28 20:50:02'),(92,'Decimosexta pregunta','fotografias/1643340131.jpg','<p>Gracias a esta viñeta podríamos decir que el doctor es un personaje:</p>',8,6,1,1,1,'2022-01-28 08:38:48','2022-01-28 20:56:23'),(93,'Decimoséptima pregunta',NULL,'<p>Antónimo es una palabra opuesta, que significa lo contrario.</p>',3,3,1,0,0,'2022-01-28 17:16:19','2022-01-28 17:16:19'),(94,'Décimo octava pregunta',NULL,'<p>Sinónimo es una palabra que no significa lo mismo, sino lo contrario. </p>',3,3,1,0,0,'2022-01-28 17:19:17','2022-01-28 17:19:17');
/*!40000 ALTER TABLE `preguntas` ENABLE KEYS */;
UNLOCK TABLES;

--
-- Table structure for table `respuestas`
--

DROP TABLE IF EXISTS `respuestas`;
/*!40101 SET @saved_cs_client     = @@character_set_client */;
/*!50503 SET character_set_client = utf8mb4 */;
CREATE TABLE `respuestas` (
  `id` bigint unsigned NOT NULL AUTO_INCREMENT,
  `pregunta_id` bigint unsigned DEFAULT NULL,
  `grupo_id` bigint unsigned DEFAULT NULL,
  `opcion_id` bigint unsigned DEFAULT NULL,
  `cuestionario_id` bigint unsigned DEFAULT NULL,
  `puntaje` int NOT NULL,
  `existe` tinyint(1) NOT NULL DEFAULT '1',
  `grupoPregunta` varchar(191) CHARACTER SET utf8mb4 COLLATE utf8mb4_unicode_ci NOT NULL,
  `created_at` timestamp(6) NULL DEFAULT NULL,
  `updated_at` timestamp(6) NULL DEFAULT NULL,
  PRIMARY KEY (`id`),
  KEY `respuestas_pregunta_id_foreign` (`pregunta_id`),
  KEY `respuestas_grupo_id_foreign` (`grupo_id`),
  KEY `respuestas_opcion_id_foreign` (`opcion_id`),
  KEY `respuestas_cuestionario_id_foreign` (`cuestionario_id`),
  CONSTRAINT `respuestas_cuestionario_id_foreign` FOREIGN KEY (`cuestionario_id`) REFERENCES `cuestionarios` (`id`) ON DELETE SET NULL ON UPDATE CASCADE,
  CONSTRAINT `respuestas_grupo_id_foreign` FOREIGN KEY (`grupo_id`) REFERENCES `grupos` (`id`) ON DELETE SET NULL ON UPDATE CASCADE,
  CONSTRAINT `respuestas_opcion_id_foreign` FOREIGN KEY (`opcion_id`) REFERENCES `opcions` (`id`) ON DELETE SET NULL ON UPDATE CASCADE,
  CONSTRAINT `respuestas_pregunta_id_foreign` FOREIGN KEY (`pregunta_id`) REFERENCES `preguntas` (`id`) ON DELETE SET NULL ON UPDATE CASCADE
) ENGINE=InnoDB AUTO_INCREMENT=297 DEFAULT CHARSET=utf8mb4 COLLATE=utf8mb4_unicode_ci;
/*!40101 SET character_set_client = @saved_cs_client */;

--
-- Dumping data for table `respuestas`
--

LOCK TABLES `respuestas` WRITE;
/*!40000 ALTER TABLE `respuestas` DISABLE KEYS */;
INSERT INTO `respuestas` VALUES (13,3,10,6,5,8,1,'10-3','2022-01-27 17:37:39.667822','2022-01-27 17:37:39.667822'),(14,3,9,7,5,0,1,'9-3','2022-01-27 17:37:47.868329','2022-01-27 17:37:47.868329'),(15,3,17,9,5,0,1,'17-3','2022-01-27 17:37:48.080027','2022-01-27 17:37:48.080027'),(16,3,14,6,5,5,1,'14-3','2022-01-27 17:38:28.159449','2022-01-27 17:38:28.159449'),(17,3,16,6,5,5,1,'16-3','2022-01-27 17:38:32.708819','2022-01-27 17:38:32.708819'),(18,3,18,6,5,5,1,'18-3','2022-01-27 17:38:32.710617','2022-01-27 17:38:32.710617'),(19,3,11,6,5,5,1,'11-3','2022-01-27 17:38:50.181352','2022-01-27 17:38:50.181352'),(20,3,13,6,5,5,1,'13-3','2022-01-27 17:39:24.633464','2022-01-27 17:39:24.633464'),(21,4,18,12,5,8,1,'18-4','2022-01-27 17:46:53.692706','2022-01-27 17:46:53.692706'),(22,4,16,13,5,0,1,'16-4','2022-01-27 17:46:54.583215','2022-01-27 17:46:54.583215'),(23,4,10,12,5,5,1,'10-4','2022-01-27 17:46:59.245227','2022-01-27 17:46:59.245227'),(24,4,11,11,5,0,1,'11-4','2022-01-27 17:47:02.883234','2022-01-27 17:47:02.883234'),(25,4,13,12,5,5,1,'13-4','2022-01-27 17:47:16.208078','2022-01-27 17:47:16.208078'),(26,4,9,12,5,5,1,'9-4','2022-01-27 17:47:49.762880','2022-01-27 17:47:49.762880'),(27,4,14,12,5,5,1,'14-4','2022-01-27 17:48:29.185106','2022-01-27 17:48:29.185106'),(29,4,17,12,5,5,1,'17-4','2022-01-27 17:49:10.414361','2022-01-27 17:49:10.414361'),(30,5,18,16,5,0,1,'18-5','2022-01-27 17:50:36.859545','2022-01-27 17:50:36.859545'),(31,5,11,15,5,0,1,'11-5','2022-01-27 17:50:40.635876','2022-01-27 17:50:40.635876'),(32,5,10,17,5,12,1,'10-5','2022-01-27 17:50:40.647247','2022-01-27 17:50:40.647247'),(34,5,17,17,5,8,1,'17-5','2022-01-27 17:50:44.150584','2022-01-27 17:50:44.150584'),(35,5,13,17,5,8,1,'13-5','2022-01-27 17:50:55.892434','2022-01-27 17:50:55.892434'),(36,5,14,15,5,0,1,'14-5','2022-01-27 17:50:59.213568','2022-01-27 17:50:59.213568'),(37,5,9,14,5,0,1,'9-5','2022-01-27 17:51:08.052123','2022-01-27 17:51:08.052123'),(38,5,16,14,5,0,1,'16-5','2022-01-27 17:51:13.709336','2022-01-27 17:51:13.709336'),(39,5,15,14,5,0,1,'15-5','2022-01-27 17:51:20.271087','2022-01-27 17:51:20.271087'),(40,6,17,20,5,12,1,'17-6','2022-01-27 17:52:35.098970','2022-01-27 17:52:35.098970'),(41,6,18,20,5,8,1,'18-6','2022-01-27 17:52:36.346624','2022-01-27 17:52:36.346624'),(42,6,10,18,5,0,1,'10-6','2022-01-27 17:52:41.911710','2022-01-27 17:52:41.911710'),(43,6,14,19,5,0,1,'14-6','2022-01-27 17:52:48.439814','2022-01-27 17:52:48.439814'),(44,6,15,19,5,0,1,'15-6','2022-01-27 17:53:10.320089','2022-01-27 17:53:10.320089'),(45,6,13,19,5,0,1,'13-6','2022-01-27 17:53:10.984888','2022-01-27 17:53:10.984888'),(46,6,16,19,5,0,1,'16-6','2022-01-27 17:53:12.591781','2022-01-27 17:53:12.591781'),(47,6,11,20,5,8,1,'11-6','2022-01-27 17:53:17.321577','2022-01-27 17:53:17.321577'),(48,6,9,20,5,8,1,'9-6','2022-01-27 17:55:08.670295','2022-01-27 17:55:08.670295'),(49,7,17,22,5,8,1,'17-7','2022-01-27 17:56:23.326863','2022-01-27 17:56:23.326863'),(50,7,18,22,5,5,1,'18-7','2022-01-27 17:56:24.210201','2022-01-27 17:56:24.210201'),(51,7,14,22,5,5,1,'14-7','2022-01-27 17:56:49.185893','2022-01-27 17:56:49.185893'),(52,7,10,22,5,5,1,'10-7','2022-01-27 17:56:51.772800','2022-01-27 17:56:51.772800'),(53,7,13,25,5,0,1,'13-7','2022-01-27 17:56:55.912498','2022-01-27 17:56:55.912498'),(54,7,16,23,5,0,1,'16-7','2022-01-27 17:56:59.762875','2022-01-27 17:56:59.762875'),(55,7,9,24,5,0,1,'9-7','2022-01-27 17:57:00.239265','2022-01-27 17:57:00.239265'),(56,7,11,22,5,5,1,'11-7','2022-01-27 17:57:07.200033','2022-01-27 17:57:07.200033'),(57,7,15,22,5,5,1,'15-7','2022-01-27 17:57:07.244461','2022-01-27 17:57:07.244461'),(58,8,17,29,5,0,1,'17-8','2022-01-27 17:58:53.640785','2022-01-27 17:58:53.640785'),(59,8,18,29,5,0,1,'18-8','2022-01-27 17:59:00.060900','2022-01-27 17:59:00.060900'),(60,8,14,26,5,0,1,'14-8','2022-01-27 17:59:02.641682','2022-01-27 17:59:02.641682'),(61,8,16,27,5,11,1,'16-8','2022-01-27 17:59:14.163563','2022-01-27 17:59:14.163563'),(62,8,15,27,5,7,1,'15-8','2022-01-27 17:59:21.701711','2022-01-27 17:59:21.701711'),(63,8,10,27,5,7,1,'10-8','2022-01-27 17:59:28.820664','2022-01-27 17:59:28.820664'),(64,8,11,27,5,7,1,'11-8','2022-01-27 17:59:44.139926','2022-01-27 17:59:44.139926'),(65,8,13,27,5,7,1,'13-8','2022-01-27 17:59:51.390718','2022-01-27 17:59:51.390718'),(66,8,9,27,5,7,1,'9-8','2022-01-27 18:00:04.296295','2022-01-27 18:00:04.296295'),(69,45,21,81,3,8,1,'21-45','2022-01-28 18:22:40.794682','2022-01-28 18:22:40.794682'),(70,45,23,81,3,5,1,'23-45','2022-01-28 18:22:42.480039','2022-01-28 18:22:42.480039'),(71,45,24,81,3,5,1,'24-45','2022-01-28 18:22:42.685701','2022-01-28 18:22:42.685701'),(72,45,19,81,3,5,1,'19-45','2022-01-28 18:22:53.853523','2022-01-28 18:22:53.853523'),(73,45,20,81,3,5,1,'20-45','2022-01-28 18:22:57.033290','2022-01-28 18:22:57.033290'),(74,45,22,81,3,5,1,'22-45','2022-01-28 18:23:07.049831','2022-01-28 18:23:07.049831'),(75,45,25,81,3,5,1,'25-45','2022-01-28 18:23:10.596648','2022-01-28 18:23:10.596648'),(76,46,21,87,3,8,1,'21-46','2022-01-28 18:24:56.074387','2022-01-28 18:24:56.074387'),(77,46,24,87,3,5,1,'24-46','2022-01-28 18:24:57.638815','2022-01-28 18:24:57.638815'),(80,46,23,87,3,5,1,'23-46','2022-01-28 18:24:57.750641','2022-01-28 18:24:57.750641'),(81,46,20,87,3,5,1,'20-46','2022-01-28 18:24:58.024866','2022-01-28 18:24:58.024866'),(82,46,25,87,3,5,1,'25-46','2022-01-28 18:24:58.762882','2022-01-28 18:24:58.762882'),(83,46,22,87,3,5,1,'22-46','2022-01-28 18:24:59.541066','2022-01-28 18:24:59.541066'),(84,46,19,87,3,5,1,'19-46','2022-01-28 18:25:01.056640','2022-01-28 18:25:01.056640'),(86,47,25,91,3,0,1,'25-47','2022-01-28 18:26:44.774508','2022-01-28 18:26:44.774508'),(87,47,21,89,3,0,1,'21-47','2022-01-28 18:26:44.793700','2022-01-28 18:26:44.793700'),(88,47,19,92,3,12,1,'19-47','2022-01-28 18:26:44.856382','2022-01-28 18:26:44.856382'),(89,47,24,91,3,0,1,'24-47','2022-01-28 18:26:44.890067','2022-01-28 18:26:44.890067'),(90,47,23,91,3,0,1,'23-47','2022-01-28 18:26:44.899476','2022-01-28 18:26:44.899476'),(91,47,22,91,3,0,1,'22-47','2022-01-28 18:26:46.100447','2022-01-28 18:26:46.100447'),(92,47,20,91,3,0,1,'20-47','2022-01-28 18:26:55.300386','2022-01-28 18:26:55.300386'),(93,48,21,95,3,12,1,'21-48','2022-01-28 18:30:22.883154','2022-01-28 18:30:22.883154'),(94,48,24,95,3,8,1,'24-48','2022-01-28 18:30:23.586999','2022-01-28 18:30:23.586999'),(95,48,23,95,3,8,1,'23-48','2022-01-28 18:30:23.723249','2022-01-28 18:30:23.723249'),(96,48,25,95,3,8,1,'25-48','2022-01-28 18:30:23.732058','2022-01-28 18:30:23.732058'),(97,48,19,94,3,0,1,'19-48','2022-01-28 18:30:23.834218','2022-01-28 18:30:23.834218'),(98,48,22,94,3,0,1,'22-48','2022-01-28 18:30:27.066489','2022-01-28 18:30:27.066489'),(102,48,20,94,3,0,1,'20-48','2022-01-28 18:30:43.823961','2022-01-28 18:30:43.823961'),(103,49,21,97,3,8,1,'21-49','2022-01-28 18:32:04.490389','2022-01-28 18:32:04.490389'),(104,49,22,99,3,0,1,'22-49','2022-01-28 18:32:06.944542','2022-01-28 18:32:06.944542'),(105,49,23,97,3,5,1,'23-49','2022-01-28 18:32:06.956646','2022-01-28 18:32:06.956646'),(106,49,19,97,3,5,1,'19-49','2022-01-28 18:32:06.958148','2022-01-28 18:32:06.958148'),(107,49,20,97,3,5,1,'20-49','2022-01-28 18:32:07.945995','2022-01-28 18:32:07.945995'),(108,49,24,98,3,0,1,'24-49','2022-01-28 18:32:07.952322','2022-01-28 18:32:07.952322'),(109,49,25,97,3,5,1,'25-49','2022-01-28 18:32:09.242806','2022-01-28 18:32:09.242806'),(110,50,21,102,3,11,1,'21-50','2022-01-28 18:35:17.112303','2022-01-28 18:35:17.112303'),(111,50,22,102,3,7,1,'22-50','2022-01-28 18:35:19.005359','2022-01-28 18:35:19.005359'),(112,50,25,102,3,7,1,'25-50','2022-01-28 18:35:19.785172','2022-01-28 18:35:19.785172'),(113,50,24,102,3,7,1,'24-50','2022-01-28 18:35:19.785134','2022-01-28 18:35:19.785134'),(115,50,23,102,3,7,1,'23-50','2022-01-28 18:35:20.180083','2022-01-28 18:35:20.180083'),(116,50,20,102,3,7,1,'20-50','2022-01-28 18:35:21.008769','2022-01-28 18:35:21.008769'),(117,50,19,103,3,0,1,'19-50','2022-01-28 18:35:52.003639','2022-01-28 18:35:52.003639'),(118,51,23,107,3,9,1,'23-51','2022-01-28 18:37:43.873094','2022-01-28 18:37:43.873094'),(119,51,25,107,3,6,1,'25-51','2022-01-28 18:37:44.584224','2022-01-28 18:37:44.584224'),(120,51,22,105,3,0,1,'22-51','2022-01-28 18:37:44.656965','2022-01-28 18:37:44.656965'),(121,51,21,107,3,6,1,'21-51','2022-01-28 18:37:44.883709','2022-01-28 18:37:44.883709'),(122,51,24,107,3,6,1,'24-51','2022-01-28 18:37:46.313534','2022-01-28 18:37:46.313534'),(123,51,19,105,3,0,1,'19-51','2022-01-28 18:37:46.335369','2022-01-28 18:37:46.335369'),(124,51,20,107,3,6,1,'20-51','2022-01-28 18:37:48.881196','2022-01-28 18:37:48.881196'),(126,52,25,109,3,8,1,'25-52','2022-01-28 18:39:22.554216','2022-01-28 18:39:22.554216'),(128,52,23,109,3,5,1,'23-52','2022-01-28 18:39:22.826074','2022-01-28 18:39:22.826074'),(129,52,24,109,3,5,1,'24-52','2022-01-28 18:39:23.159398','2022-01-28 18:39:23.159398'),(130,52,22,109,3,5,1,'22-52','2022-01-28 18:39:23.565855','2022-01-28 18:39:23.565855'),(131,52,19,109,3,5,1,'19-52','2022-01-28 18:39:24.001683','2022-01-28 18:39:24.001683'),(132,52,20,109,3,5,1,'20-52','2022-01-28 18:39:25.052766','2022-01-28 18:39:25.052766'),(133,52,21,112,3,0,1,'21-52','2022-01-28 18:39:25.852716','2022-01-28 18:39:25.852716'),(134,53,21,114,3,9,1,'21-53','2022-01-28 18:41:40.315314','2022-01-28 18:41:40.315314'),(135,53,23,113,3,0,1,'23-53','2022-01-28 18:41:40.570735','2022-01-28 18:41:40.570735'),(136,53,22,114,3,6,1,'22-53','2022-01-28 18:41:40.841404','2022-01-28 18:41:40.841404'),(137,53,24,114,3,6,1,'24-53','2022-01-28 18:41:41.521047','2022-01-28 18:41:41.521047'),(138,53,19,114,3,6,1,'19-53','2022-01-28 18:41:41.730307','2022-01-28 18:41:41.730307'),(139,53,25,114,3,6,1,'25-53','2022-01-28 18:41:41.812073','2022-01-28 18:41:41.812073'),(140,53,20,114,3,6,1,'20-53','2022-01-28 18:41:45.224358','2022-01-28 18:41:45.224358'),(141,54,25,117,3,6,1,'25-54','2022-01-28 18:42:43.891273','2022-01-28 18:42:43.891273'),(142,54,21,117,3,4,1,'21-54','2022-01-28 18:42:44.668067','2022-01-28 18:42:44.668067'),(143,54,22,117,3,4,1,'22-54','2022-01-28 18:42:44.669110','2022-01-28 18:42:44.669110'),(144,54,24,117,3,4,1,'24-54','2022-01-28 18:42:45.302476','2022-01-28 18:42:45.302476'),(145,54,23,118,3,0,1,'23-54','2022-01-28 18:42:46.129370','2022-01-28 18:42:46.129370'),(146,54,19,117,3,4,1,'19-54','2022-01-28 18:42:46.799370','2022-01-28 18:42:46.799370'),(147,54,20,117,3,4,1,'20-54','2022-01-28 18:42:48.043988','2022-01-28 18:42:48.043988'),(148,55,21,120,3,0,1,'21-55','2022-01-28 18:43:55.225433','2022-01-28 18:43:55.225433'),(149,55,22,121,3,9,1,'22-55','2022-01-28 18:43:55.382246','2022-01-28 18:43:55.382246'),(150,55,19,120,3,0,1,'19-55','2022-01-28 18:43:56.834589','2022-01-28 18:43:56.834589'),(151,55,20,120,3,0,1,'20-55','2022-01-28 18:43:58.469196','2022-01-28 18:43:58.469196'),(152,55,23,120,3,0,1,'23-55','2022-01-28 18:43:58.484092','2022-01-28 18:43:58.484092'),(153,55,25,121,3,6,1,'25-55','2022-01-28 18:44:00.453055','2022-01-28 18:44:00.453055'),(154,55,24,121,3,6,1,'24-55','2022-01-28 18:44:12.169874','2022-01-28 18:44:12.169874'),(155,56,24,125,3,8,1,'24-56','2022-01-28 18:45:44.765339','2022-01-28 18:45:44.765339'),(156,56,25,125,3,5,1,'25-56','2022-01-28 18:45:44.863323','2022-01-28 18:45:44.863323'),(158,56,22,124,3,0,1,'22-56','2022-01-28 18:45:44.876924','2022-01-28 18:45:44.876924'),(159,56,19,125,3,5,1,'19-56','2022-01-28 18:45:45.030407','2022-01-28 18:45:45.030407'),(160,56,21,125,3,5,1,'21-56','2022-01-28 18:45:45.939653','2022-01-28 18:45:45.939653'),(161,56,23,126,3,0,1,'23-56','2022-01-28 18:45:46.349737','2022-01-28 18:45:46.349737'),(162,56,20,125,3,5,1,'20-56','2022-01-28 18:45:48.966478','2022-01-28 18:45:48.966478'),(163,57,21,127,3,8,1,'21-57','2022-01-28 18:47:04.001575','2022-01-28 18:47:04.001575'),(164,57,24,127,3,5,1,'24-57','2022-01-28 18:47:04.405544','2022-01-28 18:47:04.405544'),(165,57,25,127,3,5,1,'25-57','2022-01-28 18:47:04.631570','2022-01-28 18:47:04.631570'),(166,57,23,129,3,0,1,'23-57','2022-01-28 18:47:05.607136','2022-01-28 18:47:05.607136'),(167,57,19,128,3,0,1,'19-57','2022-01-28 18:47:06.280627','2022-01-28 18:47:06.280627'),(168,57,22,128,3,0,1,'22-57','2022-01-28 18:47:13.404928','2022-01-28 18:47:13.404928'),(169,57,20,127,3,5,1,'20-57','2022-01-28 18:47:21.554547','2022-01-28 18:47:21.554547'),(170,58,23,132,3,8,1,'23-58','2022-01-28 18:49:37.053356','2022-01-28 18:49:37.053356'),(171,58,25,131,3,0,1,'25-58','2022-01-28 18:49:37.094689','2022-01-28 18:49:37.094689'),(172,58,19,132,3,5,1,'19-58','2022-01-28 18:49:37.114140','2022-01-28 18:49:37.114140'),(173,58,22,132,3,5,1,'22-58','2022-01-28 18:49:37.136217','2022-01-28 18:49:37.136217'),(174,58,21,132,3,5,1,'21-58','2022-01-28 18:49:37.204802','2022-01-28 18:49:37.204802'),(176,58,24,132,3,5,1,'24-58','2022-01-28 18:49:38.899552','2022-01-28 18:49:38.899552'),(177,58,20,134,3,0,1,'20-58','2022-01-28 18:49:40.068972','2022-01-28 18:49:40.068972'),(179,77,33,205,8,8,1,'33-77','2022-01-28 20:23:24.935216','2022-01-28 20:23:24.935216'),(180,77,32,205,8,5,1,'32-77','2022-01-28 20:23:25.282695','2022-01-28 20:23:25.282695'),(181,77,34,205,8,5,1,'34-77','2022-01-28 20:23:25.382003','2022-01-28 20:23:25.382003'),(182,77,29,205,8,5,1,'29-77','2022-01-28 20:23:25.447550','2022-01-28 20:23:25.447550'),(183,77,31,205,8,5,1,'31-77','2022-01-28 20:23:25.449162','2022-01-28 20:23:25.449162'),(184,77,30,205,8,5,1,'30-77','2022-01-28 20:23:25.502413','2022-01-28 20:23:25.502413'),(185,77,35,205,8,5,1,'35-77','2022-01-28 20:23:27.519936','2022-01-28 20:23:27.519936'),(186,78,33,211,8,8,1,'33-78','2022-01-28 20:25:15.278174','2022-01-28 20:25:15.278174'),(187,78,29,211,8,5,1,'29-78','2022-01-28 20:25:15.422833','2022-01-28 20:25:15.422833'),(188,78,34,209,8,0,1,'34-78','2022-01-28 20:25:16.146702','2022-01-28 20:25:16.146702'),(189,78,35,210,8,0,1,'35-78','2022-01-28 20:25:17.442813','2022-01-28 20:25:17.442813'),(190,78,31,211,8,5,1,'31-78','2022-01-28 20:25:18.532309','2022-01-28 20:25:18.532309'),(191,78,32,212,8,0,1,'32-78','2022-01-28 20:25:18.840748','2022-01-28 20:25:18.840748'),(192,78,30,211,8,5,1,'30-78','2022-01-28 20:25:32.408184','2022-01-28 20:25:32.408184'),(193,79,33,213,8,0,1,'33-79','2022-01-28 20:26:38.837665','2022-01-28 20:26:38.837665'),(194,79,32,215,8,0,1,'32-79','2022-01-28 20:26:39.851674','2022-01-28 20:26:39.851674'),(195,79,29,216,8,12,1,'29-79','2022-01-28 20:26:40.776222','2022-01-28 20:26:40.776222'),(196,79,30,216,8,8,1,'30-79','2022-01-28 20:26:40.912911','2022-01-28 20:26:40.912911'),(197,79,34,213,8,0,1,'34-79','2022-01-28 20:26:40.970168','2022-01-28 20:26:40.970168'),(198,79,31,216,8,8,1,'31-79','2022-01-28 20:26:40.980112','2022-01-28 20:26:40.980112'),(199,79,35,215,8,0,1,'35-79','2022-01-28 20:26:41.104928','2022-01-28 20:26:41.104928'),(200,80,30,220,8,0,1,'30-80','2022-01-28 20:28:28.049383','2022-01-28 20:28:28.049383'),(201,80,32,218,8,0,1,'32-80','2022-01-28 20:28:28.058095','2022-01-28 20:28:28.058095'),(202,80,35,218,8,0,1,'35-80','2022-01-28 20:28:28.087394','2022-01-28 20:28:28.087394'),(203,80,29,217,8,0,1,'29-80','2022-01-28 20:28:28.092905','2022-01-28 20:28:28.092905'),(204,80,34,218,8,0,1,'34-80','2022-01-28 20:28:28.258570','2022-01-28 20:28:28.258570'),(205,80,33,219,8,12,1,'33-80','2022-01-28 20:28:28.264333','2022-01-28 20:28:28.264333'),(206,80,31,217,8,0,1,'31-80','2022-01-28 20:28:28.442054','2022-01-28 20:28:28.442054'),(207,81,35,221,8,8,1,'35-81','2022-01-28 20:30:59.108558','2022-01-28 20:30:59.108558'),(208,81,34,222,8,0,1,'34-81','2022-01-28 20:30:59.109642','2022-01-28 20:30:59.109642'),(209,81,33,221,8,8,1,'33-81','2022-01-28 20:30:59.120444','2022-01-28 20:30:59.120444'),(210,81,32,221,8,5,1,'32-81','2022-01-28 20:30:59.197522','2022-01-28 20:30:59.197522'),(211,81,29,221,8,5,1,'29-81','2022-01-28 20:30:59.514794','2022-01-28 20:30:59.514794'),(212,81,31,221,8,5,1,'31-81','2022-01-28 20:30:59.993139','2022-01-28 20:30:59.993139'),(213,81,30,224,8,0,1,'30-81','2022-01-28 20:31:03.769446','2022-01-28 20:31:03.769446'),(214,82,30,226,8,11,1,'30-82','2022-01-28 20:33:05.943568','2022-01-28 20:33:05.943568'),(215,82,31,226,8,7,1,'31-82','2022-01-28 20:33:06.029073','2022-01-28 20:33:06.029073'),(216,82,29,226,8,7,1,'29-82','2022-01-28 20:33:06.752091','2022-01-28 20:33:06.752091'),(217,82,33,226,8,7,1,'33-82','2022-01-28 20:33:07.029572','2022-01-28 20:33:07.029572'),(218,82,32,225,8,0,1,'32-82','2022-01-28 20:33:07.094470','2022-01-28 20:33:07.094470'),(219,82,35,226,8,7,1,'35-82','2022-01-28 20:33:08.532900','2022-01-28 20:33:08.532900'),(220,82,34,227,8,0,1,'34-82','2022-01-28 20:33:18.461512','2022-01-28 20:33:18.461512'),(221,83,33,231,8,9,1,'33-83','2022-01-28 20:34:38.143757','2022-01-28 20:34:38.143757'),(224,83,30,231,8,6,1,'30-83','2022-01-28 20:34:38.528970','2022-01-28 20:34:38.528970'),(225,83,35,229,8,0,1,'35-83','2022-01-28 20:34:38.627629','2022-01-28 20:34:38.627629'),(226,83,29,231,8,6,1,'29-83','2022-01-28 20:34:38.723411','2022-01-28 20:34:38.723411'),(227,83,32,231,8,6,1,'32-83','2022-01-28 20:34:39.872113','2022-01-28 20:34:39.872113'),(228,83,34,229,8,0,1,'34-83','2022-01-28 20:34:40.291362','2022-01-28 20:34:40.291362'),(229,83,31,229,8,0,1,'31-83','2022-01-28 20:34:41.024304','2022-01-28 20:34:41.024304'),(230,84,29,233,8,8,1,'29-84','2022-01-28 20:36:44.655614','2022-01-28 20:36:44.655614'),(231,84,32,236,8,0,1,'32-84','2022-01-28 20:36:45.568902','2022-01-28 20:36:45.568902'),(232,84,33,233,8,5,1,'33-84','2022-01-28 20:36:45.571130','2022-01-28 20:36:45.571130'),(233,84,30,233,8,5,1,'30-84','2022-01-28 20:36:45.581111','2022-01-28 20:36:45.581111'),(234,84,35,233,8,5,1,'35-84','2022-01-28 20:36:46.067406','2022-01-28 20:36:46.067406'),(235,84,31,233,8,5,1,'31-84','2022-01-28 20:36:46.140838','2022-01-28 20:36:46.140838'),(236,84,34,234,8,0,1,'34-84','2022-01-28 20:36:47.601687','2022-01-28 20:36:47.601687'),(237,85,29,238,8,9,1,'29-85','2022-01-28 20:38:17.808558','2022-01-28 20:38:17.808558'),(238,85,32,238,8,6,1,'32-85','2022-01-28 20:38:18.664346','2022-01-28 20:38:18.664346'),(239,85,33,238,8,6,1,'33-85','2022-01-28 20:38:19.064307','2022-01-28 20:38:19.064307'),(240,85,35,238,8,6,1,'35-85','2022-01-28 20:38:19.069364','2022-01-28 20:38:19.069364'),(241,85,31,238,8,6,1,'31-85','2022-01-28 20:38:19.286088','2022-01-28 20:38:19.286088'),(242,85,34,237,8,0,1,'34-85','2022-01-28 20:38:19.846986','2022-01-28 20:38:19.846986'),(243,85,30,239,8,0,1,'30-85','2022-01-28 20:38:20.404986','2022-01-28 20:38:20.404986'),(245,86,29,241,8,6,1,'29-86','2022-01-28 20:39:54.628600','2022-01-28 20:39:54.628600'),(246,86,35,241,8,4,1,'35-86','2022-01-28 20:39:55.471439','2022-01-28 20:39:55.471439'),(247,86,32,241,8,4,1,'32-86','2022-01-28 20:39:55.880302','2022-01-28 20:39:55.880302'),(248,86,31,241,8,4,1,'31-86','2022-01-28 20:39:55.990948','2022-01-28 20:39:55.990948'),(249,86,34,241,8,4,1,'34-86','2022-01-28 20:39:56.631542','2022-01-28 20:39:56.631542'),(250,86,33,241,8,4,1,'33-86','2022-01-28 20:39:56.646614','2022-01-28 20:39:56.646614'),(252,86,30,241,8,4,1,'30-86','2022-01-28 20:39:57.242537','2022-01-28 20:39:57.242537'),(253,87,29,245,8,9,1,'29-87','2022-01-28 20:41:27.532031','2022-01-28 20:41:27.532031'),(254,87,34,244,8,0,1,'34-87','2022-01-28 20:41:28.487224','2022-01-28 20:41:28.487224'),(255,87,33,245,8,6,1,'33-87','2022-01-28 20:41:28.508499','2022-01-28 20:41:28.508499'),(256,87,35,244,8,0,1,'35-87','2022-01-28 20:41:28.675261','2022-01-28 20:41:28.675261'),(257,87,32,245,8,6,1,'32-87','2022-01-28 20:41:28.731518','2022-01-28 20:41:28.731518'),(258,87,30,244,8,0,1,'30-87','2022-01-28 20:41:28.790582','2022-01-28 20:41:28.790582'),(259,87,31,243,8,0,1,'31-87','2022-01-28 20:41:30.011836','2022-01-28 20:41:30.011836'),(260,88,31,248,8,0,1,'31-88','2022-01-28 20:44:00.803312','2022-01-28 20:44:00.803312'),(261,88,33,247,8,0,1,'33-88','2022-01-28 20:44:01.831551','2022-01-28 20:44:01.831551'),(262,88,30,249,8,8,1,'30-88','2022-01-28 20:44:01.934996','2022-01-28 20:44:01.934996'),(263,88,32,249,8,5,1,'32-88','2022-01-28 20:44:02.048973','2022-01-28 20:44:02.048973'),(264,88,34,249,8,5,1,'34-88','2022-01-28 20:44:02.294277','2022-01-28 20:44:02.294277'),(265,88,35,248,8,0,1,'35-88','2022-01-28 20:44:07.017336','2022-01-28 20:44:07.017336'),(266,88,29,249,8,5,1,'29-88','2022-01-28 20:44:15.429608','2022-01-28 20:44:15.429608'),(267,89,29,252,8,0,1,'29-89','2022-01-28 20:45:34.544896','2022-01-28 20:45:34.544896'),(269,89,32,251,8,8,1,'32-89','2022-01-28 20:45:34.900661','2022-01-28 20:45:34.900661'),(270,89,35,251,8,5,1,'35-89','2022-01-28 20:45:35.158017','2022-01-28 20:45:35.158017'),(271,89,34,252,8,0,1,'34-89','2022-01-28 20:45:35.610989','2022-01-28 20:45:35.610989'),(272,89,34,252,8,0,1,'34-89','2022-01-28 20:45:35.612671','2022-01-28 20:45:35.612671'),(273,89,31,252,8,0,1,'31-89','2022-01-28 20:45:35.782435','2022-01-28 20:45:35.782435'),(274,89,30,251,8,5,1,'30-89','2022-01-28 20:45:36.014529','2022-01-28 20:45:36.014529'),(275,89,33,252,8,0,1,'33-89','2022-01-28 20:45:38.058773','2022-01-28 20:45:38.058773'),(276,90,29,255,8,0,1,'29-90','2022-01-28 20:47:39.957991','2022-01-28 20:47:39.957991'),(277,90,34,255,8,0,1,'34-90','2022-01-28 20:47:40.814761','2022-01-28 20:47:40.814761'),(278,90,32,256,8,8,1,'32-90','2022-01-28 20:47:41.134461','2022-01-28 20:47:41.134461'),(279,90,31,255,8,0,1,'31-90','2022-01-28 20:47:41.875370','2022-01-28 20:47:41.875370'),(280,90,35,256,8,5,1,'35-90','2022-01-28 20:47:41.896412','2022-01-28 20:47:41.896412'),(281,90,30,255,8,0,1,'30-90','2022-01-28 20:47:41.982748','2022-01-28 20:47:41.982748'),(283,90,33,256,8,5,1,'33-90','2022-01-28 20:47:42.544263','2022-01-28 20:47:42.544263'),(284,91,29,262,8,12,1,'29-91','2022-01-28 20:50:02.350177','2022-01-28 20:50:02.350177'),(285,91,32,262,8,8,1,'32-91','2022-01-28 20:50:03.170045','2022-01-28 20:50:03.170045'),(286,91,35,262,8,8,1,'35-91','2022-01-28 20:50:03.276868','2022-01-28 20:50:03.276868'),(287,91,30,262,8,8,1,'30-91','2022-01-28 20:50:03.342964','2022-01-28 20:50:03.342964'),(288,91,34,262,8,8,1,'34-91','2022-01-28 20:50:03.905809','2022-01-28 20:50:03.905809'),(289,91,31,262,8,8,1,'31-91','2022-01-28 20:52:49.199951','2022-01-28 20:52:49.199951'),(290,92,29,265,8,0,1,'29-92','2022-01-28 20:56:23.536293','2022-01-28 20:56:23.536293'),(291,92,32,263,8,9,1,'32-92','2022-01-28 20:56:23.996771','2022-01-28 20:56:23.996771'),(292,92,35,263,8,6,1,'35-92','2022-01-28 20:56:24.064974','2022-01-28 20:56:24.064974'),(293,92,30,263,8,6,1,'30-92','2022-01-28 20:56:24.069839','2022-01-28 20:56:24.069839'),(294,92,31,263,8,6,1,'31-92','2022-01-28 20:56:24.665967','2022-01-28 20:56:24.665967'),(295,92,34,263,8,6,1,'34-92','2022-01-28 20:56:24.713989','2022-01-28 20:56:24.713989'),(296,92,33,263,8,6,1,'33-92','2022-01-28 20:59:08.843082','2022-01-28 20:59:08.843082');
/*!40000 ALTER TABLE `respuestas` ENABLE KEYS */;
UNLOCK TABLES;

--
-- Table structure for table `users`
--

DROP TABLE IF EXISTS `users`;
/*!40101 SET @saved_cs_client     = @@character_set_client */;
/*!50503 SET character_set_client = utf8mb4 */;
CREATE TABLE `users` (
  `id` bigint unsigned NOT NULL AUTO_INCREMENT,
  `name` varchar(191) CHARACTER SET utf8mb4 COLLATE utf8mb4_unicode_ci NOT NULL,
  `code` varchar(191) CHARACTER SET utf8mb4 COLLATE utf8mb4_unicode_ci NOT NULL,
  `rol` varchar(191) CHARACTER SET utf8mb4 COLLATE utf8mb4_unicode_ci NOT NULL,
  `existe` tinyint(1) NOT NULL DEFAULT '1',
  `curso_id` bigint unsigned DEFAULT NULL,
  `grupo_id` bigint unsigned DEFAULT NULL,
  `email` varchar(191) CHARACTER SET utf8mb4 COLLATE utf8mb4_unicode_ci NOT NULL,
  `email_verified_at` timestamp NULL DEFAULT NULL,
  `password` varchar(191) CHARACTER SET utf8mb4 COLLATE utf8mb4_unicode_ci NOT NULL,
  `remember_token` varchar(100) CHARACTER SET utf8mb4 COLLATE utf8mb4_unicode_ci DEFAULT NULL,
  `created_at` timestamp NULL DEFAULT NULL,
  `updated_at` timestamp NULL DEFAULT NULL,
  PRIMARY KEY (`id`),
  UNIQUE KEY `users_email_unique` (`email`),
  KEY `users_curso_id_foreign` (`curso_id`),
  KEY `users_grupo_id_foreign` (`grupo_id`),
  CONSTRAINT `users_curso_id_foreign` FOREIGN KEY (`curso_id`) REFERENCES `cursos` (`id`) ON DELETE SET NULL ON UPDATE CASCADE,
  CONSTRAINT `users_grupo_id_foreign` FOREIGN KEY (`grupo_id`) REFERENCES `grupos` (`id`) ON DELETE SET NULL ON UPDATE CASCADE
) ENGINE=InnoDB AUTO_INCREMENT=35 DEFAULT CHARSET=utf8mb4 COLLATE=utf8mb4_unicode_ci;
/*!40101 SET character_set_client = @saved_cs_client */;

--
-- Dumping data for table `users`
--

LOCK TABLES `users` WRITE;
/*!40000 ALTER TABLE `users` DISABLE KEYS */;
INSERT INTO `users` VALUES (1,'Rubén Darío Villamil Zamora','001','admin',1,1,1,'rubenphii@gmail.com',NULL,'$2y$10$FlYImAOZfZf5rOg2/L66ieLKBgFXpPRPshIfxfxZdWI7rl9SIrs5e',NULL,'2022-01-23 23:13:36',NULL),(2,'Grupo 1','901G1','estudiante',1,2,9,'901G1@gmail.com',NULL,'$2y$10$3ZpimueLH8SFVJXDVDpTa.jDwXTxYnm3t2hToW2BsxQOXCkK0mriC',NULL,'2022-01-27 05:34:52','2022-01-27 08:24:51'),(3,'Grupo 2','901G2','estudiante',1,2,10,'901G2@gmail.com',NULL,'$2y$10$LuHRD5aVC.QTRtZ5EiDW9ONJfp.hv5jOmVFSrmO9v1Jfy6BxJSBx.',NULL,'2022-01-27 05:35:09','2022-01-27 08:25:01'),(4,'Grupo 3','901G3','estudiante',1,2,11,'901G3@gmail.com',NULL,'$2y$10$wXn53WViJKH9oVYqRHu8De00DF8txA3j9.HE5.m0HBNfVqmy7vSd2',NULL,'2022-01-27 05:35:30','2022-01-27 08:25:10'),(5,'Grupo 4','901G4','estudiante',1,2,12,'901G4@gmail.com',NULL,'$2y$10$Y54b4priXA1cDElQq.h1v.avvtILlQLsbWlEtR/KeuxhOaiicS3Fe',NULL,'2022-01-27 05:35:48','2022-01-27 08:25:19'),(6,'Grupo 5','901G5','estudiante',1,2,13,'901G5@gmail.com',NULL,'$2y$10$3hS1kUhkx10gSC6suw9/SOFbRo4Ut2LOC5i3TlZzL0YW9Zw2Kwljy',NULL,'2022-01-27 05:36:02','2022-01-27 08:25:28'),(7,'Grupo 6','901G6','estudiante',1,2,14,'901G6@gmail.com',NULL,'$2y$10$g8je8XQfE.KHkEeoX8z9Yul4cg/o2udKPX0F7cdXfDNedNYjbiKEK',NULL,'2022-01-27 05:36:18','2022-01-27 08:25:37'),(8,'Grupo 7','901G7','estudiante',1,2,15,'901G7@gmail.com',NULL,'$2y$10$i9yJaZOXDUy3zo0/V4FtYOA7YUF0P7J8fEkxizfu.LmHLtG00rYR2',NULL,'2022-01-27 05:36:35','2022-01-27 08:25:45'),(9,'Grupo 8','901G8','estudiante',1,2,16,'901G8@gmail.com',NULL,'$2y$10$cKoqbBGSSSEbeqpzCcmFYODtMJcqCeILBPAnd5mbfIsa/9sPMs9KS',NULL,'2022-01-27 05:37:16','2022-01-27 08:25:56'),(10,'Grupo 9','901G9','estudiante',1,2,17,'901G9@gmail.com',NULL,'$2y$10$/ofM2jIN744aNlrp5.akSOc5fJ6FfCDNyJ3r6CU/rdr0QYlzsen2G',NULL,'2022-01-27 05:37:27','2022-01-27 08:26:05'),(11,'Grupo 10','901G10','estudiante',1,2,18,'901G10@gmail.com',NULL,'$2y$10$NE741l5RoDJYKjwywpmIPedL7NolPKvZR8m03nve40RPJrDwJ9g8q',NULL,'2022-01-27 05:37:43','2022-01-27 08:26:16'),(15,'Grupo 1','902G1','estudiante',1,1,19,'902G1@gmail.com',NULL,'$2y$10$nI3vFbQU8gaYH41a.D2A.urD0AbnKByEaIlf20APxfhubuw0Rw9we',NULL,'2022-01-28 03:03:50','2022-01-28 03:03:50'),(16,'Grupo 2','902G2','estudiante',1,1,20,'902G2@gmail.com',NULL,'$2y$10$P8G7xH6PxXvM9IHgYzupi.selmJIwtRIvrcIODgcY/3EKBNZgvRY.',NULL,'2022-01-28 03:04:00','2022-01-28 03:04:00'),(17,'Grupo 3','902G3','estudiante',1,1,21,'902G3@gmail.com',NULL,'$2y$10$pXS.KGURLtcWNQc0zqrFQOlOnS6TrgP1K9eqIJbi84VNOfc/ckH.2',NULL,'2022-01-28 03:04:09','2022-01-28 03:04:09'),(18,'Grupo 4','902G4','estudiante',1,1,22,'902G4@gmail.com',NULL,'$2y$10$osOeUOtykjjF6HprNk7z1.aXi4UAVRUmA2ziIAmg8I9F3uPEeGihm',NULL,'2022-01-28 03:04:17','2022-01-28 03:04:17'),(19,'Grupo 5','902G5','estudiante',1,1,23,'902G5@gmail.com',NULL,'$2y$10$2vP2.7Pn7.2NogxV2awLhu41gcKroe9z4qa2i98Ui7x0aXV7i64qW',NULL,'2022-01-28 03:04:24','2022-01-28 03:04:24'),(20,'Grupo 6','902G6','estudiante',1,1,24,'902G6@gmail.com',NULL,'$2y$10$tDxZoTuBVfz8vAjd.rj4oOAVkhde48XINLYbPEwcuKdW6.c4qCBba',NULL,'2022-01-28 03:04:32','2022-01-28 03:04:32'),(21,'Grupo 7','902G7','estudiante',1,1,25,'902G7@gmail.com',NULL,'$2y$10$5qFrSBWy4xmB32sa9WN3wu0cKU1mLtbgAvL7Ud17c6m8TaGAUvM42',NULL,'2022-01-28 03:04:39','2022-01-28 03:04:39'),(22,'Grupo 8','902G8','estudiante',1,1,26,'902G8@gmail.com',NULL,'$2y$10$XQVsW6Pl7/0ki58i4NaQfuQR97CcHX1eL42r4WcdDHlkmgXoW/rW2',NULL,'2022-01-28 03:04:48','2022-01-28 03:04:48'),(23,'Grupo 9','902G9','estudiante',1,1,27,'902G9@gmail.com',NULL,'$2y$10$ExyE/M1Q/VAq/qAjuPyoT.pnz7VEIDSpNH.Kf7g4otEvhPrj7KxpK',NULL,'2022-01-28 03:04:56','2022-01-28 03:04:56'),(24,'Grupo 10','902G10','estudiante',1,1,28,'902G10@gmail.com',NULL,'$2y$10$Hzn/JWJOQSHl6P1iLLlUOe5JewORVGNaauRnu.1XcPjy6Hor/nAA6',NULL,'2022-01-28 03:05:07','2022-01-28 03:05:07'),(25,'Grupo 1','903G1','estudiante',1,3,29,'903G1@gmail.com',NULL,'$2y$10$vrwMfv1X/.IDxBQWQnCZnuMTSchffIicOCnNutZoBZeeuD8l1VrRm',NULL,'2022-01-28 07:34:26','2022-01-28 07:34:26'),(26,'Grupo 2','903G2','estudiante',1,3,30,'903G2@gmail.com',NULL,'$2y$10$8rFxFW3UZ.z1sPh500e/P.VUMUFH16X.e/uRh656OYZHE6wWl05ja',NULL,'2022-01-28 07:34:38','2022-01-28 07:34:38'),(27,'Grupo 3','903G3','estudiante',1,3,31,'903G3@gmail.com',NULL,'$2y$10$XGX0DlNEXdLoFNCG6FBJ.ue7tlNWjgSES8HPhFxFNxpqxwVKTf5Ma',NULL,'2022-01-28 07:34:46','2022-01-28 07:34:46'),(28,'Grupo 4','903G4','estudiante',1,3,32,'903G4@gmail.com',NULL,'$2y$10$05ryCGJbD9eoGTK1hVpcEeAaveAtDn9LOXLwHtMvCGq83RuMU7tVC',NULL,'2022-01-28 07:34:53','2022-01-28 07:34:53'),(29,'Grupo 5','903G5','estudiante',1,3,33,'903G5@gmail.com',NULL,'$2y$10$tzj9ox2k36MeC1CXVK2/2.FxWwq62x3cm1gZNo6HRKNaxMJeudCne',NULL,'2022-01-28 07:35:00','2022-01-28 07:35:00'),(30,'Grupo 6','903G6','estudiante',1,3,34,'903G6@gmail.com',NULL,'$2y$10$krStp7LDG0Rz1P8jBKIDoelKrmtxKIIeivwhLp8JGGNgr6O/cQZxa',NULL,'2022-01-28 07:35:08','2022-01-28 07:35:08'),(31,'Grupo 7','903G7','estudiante',1,3,35,'903G7@gmail.com',NULL,'$2y$10$WKzu8z0Z093A09LxB7Ag9unGDVqckF.Or/oy3/Ziq3rpGLnW0DULy',NULL,'2022-01-28 07:35:15','2022-01-28 07:35:15'),(32,'Grupo 8','903G8','estudiante',1,3,36,'903G8@gmail.com',NULL,'$2y$10$GmReeDG6wrLRKpXlX7fZze3S0d77PfAJa5uhE1.LmXdS7b8wsPOSC',NULL,'2022-01-28 07:35:23','2022-01-28 07:35:23'),(33,'Grupo 9','903G9','estudiante',1,3,37,'903G9@gmail.com',NULL,'$2y$10$JRS0EQ6RpzHmT83l3dNByOGpc.xgTmia1zbXAOn7WvflWtL65V2LS',NULL,'2022-01-28 07:35:30','2022-01-28 07:35:30'),(34,'Grupo 10','903G10','estudiante',1,3,38,'903G10@gmail.com',NULL,'$2y$10$XdUFwXnCTUUP430qB6POoe74n8qwvEvLSMYntQQBG6Pl53ajIz15S',NULL,'2022-01-28 07:35:39','2022-01-28 07:35:39');
/*!40000 ALTER TABLE `users` ENABLE KEYS */;
UNLOCK TABLES;
/*!40103 SET TIME_ZONE=@OLD_TIME_ZONE */;

/*!40101 SET SQL_MODE=@OLD_SQL_MODE */;
/*!40014 SET FOREIGN_KEY_CHECKS=@OLD_FOREIGN_KEY_CHECKS */;
/*!40014 SET UNIQUE_CHECKS=@OLD_UNIQUE_CHECKS */;
/*!40101 SET CHARACTER_SET_CLIENT=@OLD_CHARACTER_SET_CLIENT */;
/*!40101 SET CHARACTER_SET_RESULTS=@OLD_CHARACTER_SET_RESULTS */;
/*!40101 SET COLLATION_CONNECTION=@OLD_COLLATION_CONNECTION */;
/*!40111 SET SQL_NOTES=@OLD_SQL_NOTES */;

-- Dump completed on 2022-01-28 16:20:00
